date,post_fit_start_time,post_fit_start_count,post_fit_peak_time,post_fit_peak_count,post_fit_end_time,post_fit_end_count,complex_region,active_region,multi_flare_region_flag,multi_flare_unresolved_flag,flare_class_with_bg,flare_class_without_bg,mean_background,flare amplitude,fit_param_Aprime,fit_param_mu,fit_param_sigma,fit_param_tau,redchisq,rsquared,snr,pre_fit_start_time,pre_fit_start_count,pre_fit_peak_time,pre_fit_peak_count,pre_fit_end_time,pre_fit_end_count,flag
20220817,17.0,641617638385.26,216.0,882775101314.16,232.0,881357979812.74,14,True,True,True,X20653573,X8827751,1182582271068.07,1728570189836.31,809885000032.18,5.38,181.84,486.43,3.5699673912847966e+21,0.583,97232741.75,17.0,697879838835.74,160.0,1018142702506.14,232.0,832475129114.01,True
20220817,50.0,21290.0,167.0,210259.28,232.0,196639.59,14,True,True,True,X11825824,X2,1182582271068.07,2124533.12,117555.28,94.73,33.74,764.16,3.5699673912847966e+21,-0.0,-174422.19,17.0,56262202907.23,160.0,154657964502.33,232.0,-48882654059.13,True
20220817,17.0,368748092717.56,17.0,368748092717.56,232.0,150461009868.38,14,True,True,True,X15513303,X3687480,1182582271068.07,16309537891497.34,212098847334.03,-16.61,2.49,239.85,3.569967391284796e+21,0.547,32321546.94,17.0,425010293168.04,52.0,455211441582.48,232.0,101578159169.65,True
20220817,109.0,21639.53,137.0,216291.06,232.0,192138.08,14,True,True,True,X11825824,X2,1182582271068.07,9941855.76,111169.67,118.02,6.96,780.55,3.5699673912847966e+21,-0.0,-161252.46,17.0,56262200450.48,160.0,154657965474.68,232.0,-48882658560.65,True
20220817,392.0,9458.93,451.0,91374.66,620.0,26081.93,22,True,True,True,X22000425,M9,2200042464188.06,316620.03,62815.13,419.98,19.98,126.23,5.528234250966226e+21,-0.065,-5045044.38,233.0,-44173811844.31,420.0,199344742843.19,620.0,-109771795218.3,True
20220817,504.0,12645.87,563.0,122102.6,620.0,82983.37,22,True,True,True,X22000425,X1,2200042464188.06,407373.5,85021.25,532.12,20.01,120.18,5.528234250966226e+21,-0.065,-4073950.59,233.0,-44173811844.31,420.0,199344687184.72,620.0,-109771738316.87,True
20220817,621.0,2261.45,719.0,14156.68,776.0,13091.0,9,True,False,True,X20849189,M1,2084918960736.27,113978.72,8129.35,654.72,31.62,555.72,4.579636396630115e+21,-0.001,-166692.03,621.0,42104965044.98,686.0,139686263873.11,776.0,11055648638.73,True
20220817,777.0,0.0,1851.0,63987.8,1871.0,51875.43,11,True,True,True,X20462337,M6,2046233717563.19,1222873462.05,32296.13,1850.1,0.0,95.31,4.24193319285556e+21,-0.002,-315458.16,777.0,54069749233.69,1815.0,202442210459.11,1871.0,-28115909804.68,True
20220817,777.0,0.0,1736.0,1392602670.79,1871.0,644399272.74,11,True,True,True,X20476263,X13926,2046233717563.19,1634713442.2,2810174987.44,1684.21,90.71,66.14,4.24193319285556e+21,-0.001,-219890.76,777.0,54069749233.69,1815.0,203494309780.56,1871.0,-27471562407.37,True
20220817,1909.0,12625047772.27,2011.0,124905585636.33,2115.0,12273282460.09,14,True,False,True,X21407333,X1249055,2015827739378.81,127690859487.11,730881871625.78,2001.2,46.88,10.27,4.245584685697771e+21,0.312,7493579.78,1872.0,-78512065550.69,2015.0,285910786011.81,2171.0,887470582.12,True
20220817,2272.0,1122279269.78,2329.0,11182280494.51,2390.0,1128643910.45,15,True,True,True,X19800893,X111822,1968907061921.24,11909165511.53,37697535858.04,2320.33,25.76,10.2,3.094578291627453e+21,0.003,336057.2,2172.0,-11295016548.48,2365.0,218835867262.57,2435.0,42362148198.64,True
20220817,2172.0,0.0,2333.0,2020059642.41,2409.0,203348064.98,15,True,True,True,X19709271,X20200,1968907061921.24,1431842745.94,16608286401.3,2277.24,62.96,6.8,3.094578291627453e+21,-0.001,300049.9,2172.0,-11295016758.88,2365.0,214543864373.4,2435.0,42422139781.3,True
20220817,2173.0,6154953772.98,2253.0,52174401245.8,2340.0,5152275399.57,15,True,True,True,X20210814,X521744,1968907061921.24,52798019089.38,420078973861.51,2246.52,39.99,6.3,3.094578291627453e+21,0.103,2861394.51,2172.0,-4081256467.58,2365.0,215064246563.03,2435.0,42341275313.09,True
20220817,2436.0,26320031637.84,2495.0,39754298833.48,2568.0,21500201272.53,8,True,True,True,X19633091,X397542,1923554867293.27,41859106111.74,148914733187.76,2474.86,62.28,21.94,2.891166465473464e+21,0.009,2229942.4,2436.0,40004240058.14,2468.0,175230752939.04,2568.0,3600752319.28,True
20220817,2436.0,218820.47,2476.0,270405.8,2568.0,142106.21,8,True,True,True,X19235551,X2,1923554867293.27,449516.95,287420.51,2428.64,46.75,91.63,2.891166465473464e+21,-0.0,-16314.91,2436.0,13684427240.77,2468.0,138728430397.65,2568.0,-17899306847.05,True
20220817,2569.0,0.0,2569.0,0.0,2569.0,0.0,17,True,True,True,X20159373,sub-A,2015937340630.43,58446851901.89,1413115896517.75,2792.04,35.81,1.86,2.8775829016811437e+21,-0.0,0.0,2569.0,-36122053842.04,2775.0,184106331333.34,2856.0,-17182192848.5,True
20220817,2569.0,0.0,2569.0,0.0,2569.0,0.0,17,True,True,True,X20159373,sub-A,2015937340630.43,21099969642.86,469919344302.67,2848.21,17.2,0.97,2.8775829016811437e+21,-0.0,0.0,2569.0,-36122053842.04,2775.0,184106331333.34,2856.0,-17182192848.5,True
20220817,2857.0,680781568461.8,2916.0,798092180480.63,2916.0,798092180480.63,3,True,True,True,X15307800,X7980921,732687863742.63,2685310866991.55,616633353723.52,2803.54,135.69,740.58,2.1702151551385844e+21,0.36,29483498.07,2857.0,666748485837.63,2904.0,855351268767.07,2916.0,789863168425.45,True
20220817,2857.0,644029077204.93,2857.0,644029077204.93,2916.0,500837116196.81,3,True,True,True,X13767169,X6440290,732687863742.63,7864341041645.28,505255419940.8,2751.0,12.03,234.63,2.170215155138585e+21,0.448,23568867.86,2857.0,629995994580.76,2872.0,693815150225.93,2916.0,492608104141.63,True
20220817,2857.0,27316.37,2916.0,35228.86,2916.0,35228.86,3,True,True,True,X7326878,M3,732687863742.63,359670.6,56840.67,3027.38,263.3,2088.1,2.1702151551385844e+21,-0.0,-30536.53,2857.0,-14033055307.8,2886.0,99405230105.92,2916.0,-8228976826.32,True
20220817,2991.0,4130952111.56,3017.0,38487338263.44,3156.0,27703478102.08,14,True,True,True,X20139183,X384873,1975431026239.36,995776704383.01,20165189599.66,2999.5,6.73,416.57,2.3623245555155657e+21,0.089,2560833.94,2917.0,-59198467718.53,3012.0,167085836907.04,3156.0,-28313384371.9,True
20220817,3076.0,14443.71,3156.0,146416.87,3156.0,146416.87,14,True,True,True,X19754311,X1,1975431026239.36,1491913.82,82932.26,3111.41,26.27,592.34,2.3623245555155657e+21,-0.0,-148705.86,2917.0,-59198467718.53,3012.0,129228295432.17,3156.0,-56016716057.11,True
20220817,2917.0,36206208473.86,2974.0,86206285632.5,3070.0,8431294461.9,14,True,True,True,X20616373,X862062,1975431026239.36,89795564000.47,365770223241.6,2962.06,42.01,12.93,2.3623245555155657e+21,0.329,4295762.12,2917.0,-22992259244.67,2945.0,197164133807.87,3156.0,-55976782990.68,True
20220817,2917.0,7840651950.63,2953.0,9075771298.62,3095.0,915619925.19,14,True,True,True,X19845067,X90757,1975431026239.36,9195586979.49,69397586903.83,2942.19,65.34,10.85,2.3623245555155657e+21,0.011,554875.34,2917.0,-51357815767.9,2945.0,137254589786.87,3156.0,-55931077897.86,True
20220817,3214.0,735027114.93,3219.0,18716027349.9,3228.0,18689100994.0,2,True,True,True,X20140748,X187160,1995358860210.94,53704540660454.19,9363537542.84,3215.51,0.86,6154.94,1.9165934241360883e+21,0.025,120078.12,3157.0,3422389789.06,3218.0,146540743268.44,3228.0,-57995140174.72,True
20220817,3157.0,0.0,3216.0,54859.15,3228.0,49495.03,2,True,True,True,X19953589,M5,1995358860210.94,55368.1,501260.14,3212.65,25.84,3.58,1.9165934241360883e+21,-0.0,30071.57,3157.0,3422389789.06,3218.0,127854917033.5,3228.0,-76684191673.69,True
20220817,3292.0,567179661.09,3418.0,5665939544.29,3468.0,5220753705.94,13,True,True,True,X19934232,X56659,1987757341713.88,27939889659.55,3538857272.57,3346.87,39.77,393.54,2.1594788103922136e+21,-0.0,437270.55,3229.0,-42938061489.28,3357.0,118851836692.06,3468.0,-63371163957.02,True
20220817,3375.0,15889.13,3459.0,160761.43,3468.0,160123.11,13,True,True,True,X19877575,X1,1987757341713.88,2574889.43,86444.36,3405.13,22.78,850.6,2.1594788103922136e+21,-0.0,-211521.99,3229.0,-42948518754.81,3357.0,114961816599.9,3468.0,-68591757539.85,True
20220817,3229.0,5248988653.07,3299.0,17238723200.74,3468.0,14163914188.72,13,True,True,True,X20049960,X172387,1987757341713.88,249137529063.13,9337192811.03,3242.72,24.33,813.56,2.1594788103922136e+21,0.016,1885169.78,3229.0,-37699530101.74,3357.0,131196230297.6,3468.0,-54428003474.24,True
20220817,3295.0,498359687.37,3468.0,5003580939.12,3468.0,5003580939.12,13,True,True,True,X19927609,X50035,1987757341713.88,106234186020.42,5515752657.78,3476.62,107.76,2601.11,2.1594788103922136e+21,-0.007,283383.69,3229.0,-42831240757.49,3357.0,116404104263.07,3468.0,-63588336723.84,True
20220817,3469.0,0.0,6075.0,149766297136.29,6524.0,15001795627.73,38,True,True,True,X20550607,X1497662,1905294429784.22,82106407665.43,842142000674.37,6113.67,207.69,25.38,4.567111077117614e+21,0.151,20741537.9,3469.0,158965579981.41,6189.0,262968507287.71,7351.0,-71912531855.21,True
20220817,6389.0,23577975167.7,6435.0,229618833887.76,6590.0,22972559240.55,38,True,True,True,X21349132,X2296188,1905294429784.22,564030872627.62,182392481306.15,6412.85,16.33,63.31,4.567111077117614e+21,0.282,10543908.69,3469.0,158965579981.41,6432.0,311815906776.42,7351.0,-71912398727.99,True
20220817,6353.0,25807523211.93,6634.0,257770537724.63,6932.0,25948746999.59,38,True,True,True,X21630649,X2577705,1905294429784.22,276509554987.69,818665828464.53,6586.75,125.31,53.05,4.567111077117614e+21,0.601,42715842.24,3469.0,158965579981.41,6646.0,448280192129.06,7351.0,-71897783037.24,True
20220817,5878.0,157902976995.03,6198.0,1233807527149.43,6550.0,122831038193.25,38,True,True,True,X31391019,X12338075,1905294429784.22,1294179311546.59,4814772083698.82,6150.96,152.94,51.52,4.567111077117614e+21,0.975,220861847.57,3469.0,158965579981.41,6189.0,1415890915204.95,7351.0,-71912476504.41,True
20220817,7352.0,0.0,7352.0,0.0,7352.0,0.0,5,True,True,True,X18121379,sub-A,1812137986978.26,66968223960.27,3007334555887.31,7389.22,34.21,0.95,3.230327965237513e+21,-0.0,0.0,7352.0,-58053298688.03,7404.0,155280114354.86,7423.0,-81505616225.61,True
20220817,7420.0,74679.18,7423.0,852510.16,7423.0,852510.16,5,True,True,True,X18121388,X8,1812137986978.26,64916637413615.87,2000704261522.08,7456.99,6.72,273.37,3.230327965237513e+21,-0.0,30689.26,7352.0,-58053298688.03,7404.0,155280114354.87,7423.0,-81504763715.45,True
20220817,7406.0,719489.43,7423.0,7241240.31,7423.0,7241240.31,5,True,True,True,X18121452,X72,1812137986978.26,2924761899684337.5,16935836722029.49,7625.73,40.1,8678.71,3.230327965237513e+21,-0.0,-164783.79,7352.0,-58053298541.07,7404.0,155280656438.71,7423.0,-81498374985.29,True
20220817,7352.0,14427274453.44,7423.0,20776039403.13,7423.0,20776039403.13,5,True,True,True,X18329140,X207760,1812137986978.26,21363083646.99,188477088797.44,7428.42,102.52,14.56,3.230327965237513e+21,-0.0,696761.81,7352.0,-43626024234.59,7404.0,175004171133.2,7423.0,-60729576822.48,True
20220817,7424.0,0.0,7711.0,29818597277.72,7711.0,29818597277.72,18,True,True,True,X18006935,X298185,1770874958110.44,34514898135.14,301104214959.15,7717.47,16.78,2.41,3.045336975844577e+21,-0.022,-51468.76,7424.0,55342792090.46,7697.0,169023495104.99,7711.0,-42919907133.48,True
20220817,7424.0,0.0,7606.0,76482824904.39,7663.0,7779693614.62,18,True,True,True,X18473577,X764828,1770874958110.44,51990486248.07,547635858846.43,7604.15,28.31,3.37,3.045336975844577e+21,-0.026,1022573.35,7424.0,55342792090.46,7697.0,153155650765.71,7711.0,-72665392561.0,True
20220817,7424.0,37680809369.42,7484.0,78409378230.3,7711.0,11799351821.28,18,True,True,True,X18492843,X784093,1770874958110.44,161701785127.79,69261716130.04,7439.59,36.79,107.64,3.045336975844577e+21,0.185,6458412.35,7424.0,93023601459.88,7440.0,178777629780.19,7711.0,-60939152589.92,True
20220817,7424.0,0.0,7424.0,0.0,7424.0,0.0,18,True,True,True,X17708749,sub-A,1770874958110.44,48575479837.95,667705420538.1,7649.74,32.16,2.93,3.045336975844577e+21,-0.001,0.0,7424.0,55342792090.46,7697.0,152775164551.65,7711.0,-72738504411.2,True
20220817,7712.0,0.0,7736.0,54227846384.52,7806.0,5420343881.93,7,True,True,True,X14943616,X542278,1440133789171.9,36245533085.95,374961898992.4,7738.88,32.25,3.91,3.8387882336827615e+21,0.021,945090.79,7712.0,-38483008735.43,7724.0,156565902725.08,7819.0,1715393081.68,True
20220817,7736.0,17086467877.57,7783.0,167676581540.13,7819.0,44597857218.03,7,True,True,True,X16078103,X1676765,1440133789171.9,170735332261.92,1087252072402.68,7778.85,21.67,4.27,3.838788233682761e+21,0.471,4818114.06,7712.0,-37548508624.41,7793.0,268594820512.95,7819.0,44010671762.67,True
20220817,7712.0,332107347735.42,7721.0,341007069492.53,7809.0,34867840169.73,7,True,True,True,X17811408,X3410070,1440133789171.9,356703422589.46,1373871927173.85,7709.66,38.56,12.55,3.838788233682761e+21,0.775,11363659.14,7712.0,293624338999.99,7724.0,496767066551.13,7819.0,20026065108.47,True
20220817,7778.0,30856419602.17,7819.0,306998791995.81,7819.0,306998791995.81,7,True,True,True,X17471325,X3069987,1440133789171.9,1032299512721.16,362153241003.46,7817.45,23.64,84.47,3.838788233682761e+21,0.665,3194581.25,7712.0,-38480202448.03,7817.0,338727763048.2,7819.0,306411606540.45,True
20220817,8777.0,95924986875.26,9146.0,558415780460.94,9215.0,524807057995.62,25,True,True,True,X23301455,X5584157,1771729736001.78,567220399915.53,3900438827853.12,9111.29,193.93,35.35,6.522415035301974e+21,0.863,83453886.22,7820.0,-75637091951.08,9145.0,774329196963.3,9215.0,497717730472.34,True
20220817,7908.0,106402.23,9121.0,931244540297.2,9215.0,891914349932.13,25,True,True,True,X27029742,X9312445,1771729736001.78,2043545787158.88,789403096742.64,8887.44,186.12,603.87,6.522415035301974e+21,0.943,160153720.96,7820.0,-75637084634.59,9145.0,1144219831319.99,9215.0,864825022408.85,True
20220817,9216.0,1101586242990.0,9216.0,1101586242990.0,9604.0,110293347036.7,36,True,True,True,X28979965,X11015862,1796410352214.73,1143479931038.16,6085279483062.16,9143.85,187.9,44.25,3.258117271629466e+21,0.972,109558080.36,9216.0,996043730048.19,9222.0,1262404793052.55,10331.0,-60408084588.85,True
20220817,9216.0,312282734143.32,9574.0,987448006223.57,10331.0,249347829998.08,36,True,True,True,X27838583,X9874480,1796410352214.73,1867017742392.48,931311232445.25,9366.43,183.68,461.5,3.258117271629466e+21,0.946,342348933.66,9216.0,206740221201.52,9624.0,1097412278182.83,10331.0,188939526007.55,True
20220817,9343.0,16011.45,9381.0,172712.46,9640.0,17307.4,36,True,True,True,X17964105,X1,1796410352214.73,796573.9,109545.73,9360.22,12.07,109.96,3.258117271629466e+21,-0.0,-198296.44,9216.0,-105542512941.81,9429.0,189332352673.39,10331.0,-60408303958.25,True
20220817,10332.0,0.0,10332.0,0.0,10332.0,0.0,14,True,True,True,X20700754,sub-A,2070075497151.74,40751283244.24,711288291092.46,10434.22,27.48,1.97,2.2906500632301307e+21,-0.0,0.0,10332.0,-70801693440.8,10431.0,131651169707.69,10583.0,5085066851.71,True
20220817,10332.0,0.0,10332.0,0.0,10332.0,0.0,14,True,True,True,X20700754,sub-A,2070075497151.74,60374189686.28,888830150984.29,10540.57,31.54,2.69,2.2906500632301307e+21,-0.0,0.0,10332.0,-70801693440.8,10431.0,131651169707.69,10583.0,5085066851.71,True
20220817,10332.0,0.0,10500.0,13389719790.68,10570.0,1307259453.65,14,True,True,True,X20834652,X133897,2070075497151.74,13523101333.68,118105453525.86,10495.64,32.0,4.59,2.2906500632301307e+21,0.01,575343.44,10332.0,-70801693440.8,10431.0,131651169707.69,10583.0,5594315510.56,True
20220817,10332.0,0.0,10430.0,24565366850.67,10501.0,2429021831.5,14,True,True,True,X20946408,X245653,2070075497151.74,24777138077.02,231379931013.82,10425.44,32.77,4.4,2.2906500632301307e+21,0.03,958141.37,10332.0,-70801693440.8,10431.0,156197452067.01,10583.0,5085664345.66,True
20220817,10584.0,0.0,10584.0,0.0,10584.0,0.0,10,True,True,True,X2649681,sub-A,264968127128.87,40841355667.96,815597063960.45,10553.46,32.1,2.01,2.5800002195676935e+21,-0.0,0.0,10584.0,21963278445.17,10632.0,138072257685.15,13024.0,-143092942757.3,True
20220817,10679.0,56076105993.02,12953.0,1574087188902.67,13024.0,1551193598252.56,10,True,True,True,X18390553,X15740871,264968127128.87,668529678207953.5,1254530689065.57,10693.56,7.26,4846.14,2.5800002195676935e+21,0.996,76773591.3,10584.0,21963278445.17,12973.0,1677392009431.56,13024.0,1408100655495.26,True
20220817,10584.0,1756150015324.4,10633.0,1827559135033.22,12953.0,48830226724.08,10,True,True,True,X20925272,X18275591,264968127128.87,6595814908953.35,1239751592478.57,10482.65,94.06,627.2,2.5800002195676935e+21,0.997,113500643.31,10584.0,1778113293769.57,10632.0,1965589001777.38,13024.0,-99488995889.24,True
20220817,13025.0,0.0,13125.0,54704779741.59,13168.0,16482737835.89,9,True,True,True,X19000436,X547047,1845338830916.32,55284294158.64,467766373963.13,13120.9,27.5,4.07,3.5850802306193854e+21,-0.328,1308601.66,13025.0,23226232541.38,13103.0,159505397954.59,13168.0,-144309562362.79,True
20220817,13080.0,2820.64,13163.0,28473.17,13168.0,28321.47,9,True,True,True,X18453388,M2,1845338830916.32,63584.07,23875.88,13124.89,29.95,99.96,3.5850802306193854e+21,-0.014,-1465004.88,13025.0,23226232560.24,13074.0,148012243302.43,13168.0,-160792271877.21,True
20220817,13025.0,0.0,13025.0,0.0,13025.0,0.0,9,True,True,True,X18453388,sub-A,1845338830916.32,37270705039.84,711166920547.27,13081.24,21.62,1.42,3.5850802306193854e+21,-0.014,0.0,13025.0,23226232541.38,13074.0,148012241407.02,13168.0,-160792300198.68,True
20220817,13169.0,0.0,13169.0,0.0,13169.0,0.0,9,True,True,True,X18424720,sub-A,1842472043124.11,4.8193585173151515e+19,41712765862469.29,13305.13,0.08,113288.02,1.838384895987914e+21,-0.0,0.0,13169.0,-17485714999.11,13207.0,85855471524.33,13300.0,-7652951327.24,True
20220817,13169.0,0.0,13169.0,0.0,13169.0,0.0,9,True,True,True,X18424720,sub-A,1842472043124.11,6.115654637551412e+17,2837379720891.18,13311.99,0.47,126640.36,1.838384895987914e+21,-0.0,0.0,13169.0,-17485714999.11,13207.0,85855471524.33,13300.0,-7652951327.24,True
20220817,13301.0,416184975281.81,13337.0,437598222143.8,13420.0,338587121775.6,6,True,True,True,X18254188,X4375982,1387820592901.2,454544123314.52,1927743380851.39,13306.75,110.96,32.79,2.626539217275927e+21,0.22,27438019.69,13301.0,453797634206.22,13338.0,591320136054.18,13420.0,278228717182.83,True
20220817,13301.0,6601743595.71,13420.0,45896553545.48,13420.0,45896553545.48,6,True,True,True,X14337171,X458965,1387820592901.2,197519370907.15,38809064945.81,13387.97,65.26,416.27,2.626539217275927e+21,0.051,1743520.56,13301.0,44214402520.12,13338.0,169508797472.97,13420.0,-14461851047.3,True
20220817,13375.0,1255960450.57,13407.0,13963967650.88,13420.0,13919230524.88,6,True,True,True,X14017845,X139639,1387820592901.2,2730850683039.49,7032843811.68,13384.4,6.99,3400.9,2.626539217275927e+21,0.013,442825.19,13301.0,37612658924.41,13338.0,153727304142.74,13420.0,-46439174067.9,True
20220817,13301.0,0.0,13326.0,25329.83,13332.0,10947.2,6,True,True,True,X13878206,M2,1387820592901.2,23773.58,222364.64,13374.04,53.38,7.15,2.626539217275927e+21,-0.0,99498.36,13301.0,37612658924.41,13338.0,153727323067.41,13420.0,-60358386442.46,True
20220817,13626.0,4600018031.6,13668.0,48854160152.99,13780.0,6768704593.82,20,True,True,True,X18876129,X488541,1838758739946.73,111051324433.45,40535715858.78,13648.99,15.11,51.88,2.0709045677547305e+21,0.101,1981338.35,13421.0,60777601177.25,13711.0,166305315639.2,13780.0,23211986867.98,True
20220817,13421.0,0.0,13717.0,38987624931.85,13780.0,22406506280.05,20,True,True,True,X18777463,X389876,1838758739946.73,1012686114380780.4,19565490931.71,13716.58,0.0,113.74,2.0709045677547305e+21,0.061,919198.09,13421.0,60777601177.25,13711.0,140711594715.38,13780.0,38849788554.22,True
20220817,13781.0,0.0,13781.0,0.0,13781.0,0.0,5,True,True,True,X18902898,sub-A,1890289800386.88,37328017874.34,812993804826.14,13873.65,42.77,2.46,2.6993658088323075e+21,-0.0,0.0,13781.0,34152337700.28,13860.0,105404102306.0,13864.0,-724810541.8,True
20220817,13812.0,7589.4,13864.0,73631.49,13864.0,73631.49,5,True,True,True,X18902898,M7,1890289800386.88,281420.22,83163.34,13861.52,30.14,127.82,2.6993658088323075e+21,-0.0,-67926.37,13781.0,34152338285.0,13860.0,105404169339.69,13864.0,-724736910.31,True
20220817,13865.0,0.0,13865.0,0.0,13865.0,0.0,3,True,True,True,X18846582,sub-A,1884658258314.19,36955855048.5,1259184109838.5,13942.69,35.08,1.29,2.0976040217271998e+21,-0.0,0.0,13865.0,64458562974.81,13893.0,82576726295.19,13912.0,-28638882026.76,True
20220817,13903.0,13593.9,13912.0,154962.58,13912.0,154962.58,3,True,True,True,X18846584,X1,1884658258314.19,184149499607120.8,2119537408998.71,14026.73,21.31,2320.74,2.0976040217271998e+21,-0.0,38028.81,13865.0,64458562974.88,13893.0,82576727037.35,13912.0,-28638727064.19,True
20220817,13887.0,23031813320.59,13888.0,124475738147.97,13889.0,11586420340.63,3,True,True,True,X20091339,X1244757,1884658258314.19,132000992449.4,551861887019.55,13887.77,0.47,0.14,2.0976040217271998e+21,0.134,75017.53,13865.0,64458562974.81,13888.0,124417547189.91,13912.0,-28638882026.76,True
20220817,13928.0,4719482974.05,13967.0,24754876329.29,14013.0,2575053888.76,9,True,True,True,X19020535,X247548,1877298630833.11,25031322403.59,208381103934.04,13963.34,21.56,3.25,2.041194552464027e+21,0.043,586856.15,13913.0,9165114284.08,13973.0,145686964870.02,14068.0,56080627393.62,True
20220817,13984.0,1387733103.24,14005.0,13115290066.36,14027.0,1224138909.81,9,True,True,True,X18904139,X131152,1877298630833.11,13302557172.11,96610024152.37,14003.46,9.87,1.7,2.041194552464027e+21,-0.005,-56773.88,13913.0,9165114284.08,13973.0,121996308085.79,14068.0,56080047174.35,True
20220817,13913.0,0.0,14005.0,73413520406.35,14044.0,7541320187.89,9,True,True,True,X19507121,X734135,1877298630833.11,51621487903.91,571716172799.96,13992.91,24.52,2.77,2.041194552464027e+21,0.036,470707.92,13913.0,9165114284.08,13973.0,121996308085.79,14068.0,56785118990.32,True
20220817,14015.0,2612360986.97,14036.0,25946637364.5,14068.0,24544087721.86,9,True,True,True,X19032452,X259466,1877298630833.11,1129080902623.6,13354890675.18,14021.67,5.17,547.56,2.041194552464027e+21,0.063,475286.27,13913.0,9165114284.08,13973.0,121996308085.79,14068.0,80624134794.11,True
20220817,14069.0,19748308887.87,14387.0,84758321837.51,14452.0,81483655073.02,25,True,True,True,X19741441,X847583,1889385854330.64,162221324673.16,79158127639.4,14220.33,146.34,375.87,2.6073925836121917e+21,0.151,12117317.91,14069.0,28872438160.3,14350.0,206017670792.19,14452.0,118177056333.22,True
20220817,14197.0,56543.63,14452.0,565898.63,14452.0,565898.63,25,True,True,True,X18893864,X5,1889385854330.64,3034626.98,810444.33,14492.49,166.4,780.9,2.6073925836121917e+21,-0.0,6671.27,14069.0,9124137562.73,14148.0,130155723184.89,14452.0,36693967158.83,True
20220817,14453.0,0.0,14561.0,59991276360.74,14620.0,26486808909.94,9,True,True,True,X20452821,X599912,1985290876744.2,79152622508013.6,30318222749.42,14560.23,0.02,72.17,3.020828284476822e+21,0.122,1159860.56,14453.0,-48219154352.06,14591.0,181991449810.78,14620.0,70569255266.65,True
20220817,14522.0,3762588957.54,14528.0,52209832347.99,14582.0,5150676972.85,9,True,True,True,X20375007,X522098,1985290876744.2,311322119151.76,31485607877.45,14524.83,1.84,22.8,3.020828284476822e+21,0.055,557133.77,14453.0,-48219154352.06,14591.0,145875801912.67,14620.0,45055621250.6,True
20220817,14621.0,29856.04,14812.0,33739.47,14812.0,33739.47,11,True,True,True,X20331978,M3,2033197801964.31,204900.94,21917.28,14321.6,451.86,5294.51,3.732013079419938e+21,-0.0,-13685.0,14621.0,-2317430870.56,14694.0,187084668738.81,14812.0,-65931987706.14,True
20220817,14763.0,166290949.62,14765.0,2551448160.33,14779.0,251876681.16,11,True,True,True,X20357492,X25514,2033197801964.31,14306621579.41,1568451554.5,14763.84,0.53,6.0,3.732013079419938e+21,0.0,103076.37,14621.0,-2317460726.61,14694.0,187084637164.51,14812.0,-65930990000.66,True
20220817,14813.0,0.0,14968.0,20339781379.05,15850.0,0.0,16,True,True,True,X20161972,X203397,1995857445295.81,20530700022.22,185410249745.43,14964.92,20.81,2.89,6.914715183935471e+21,0.01,2746824.38,14813.0,75238990251.06,14908.0,212638892594.81,15909.0,-53122460892.39,True
20220817,14813.0,0.0,14917.0,123878282797.34,14967.0,12131906391.78,16,True,True,True,X21197357,X1238782,1995857445295.81,74544803985.59,841713147701.21,14893.92,36.09,4.01,6.914715183935471e+21,0.035,3382690.25,14813.0,75238990251.06,14908.0,212638892594.81,15909.0,-53122460892.39,True
20220817,14991.0,534.96,14992.0,6758.9,15909.0,948.14,16,True,True,True,X19958574,C6,1995857445295.81,9195648508412.99,644106793354.1,15005.73,2.4,42.95,6.914715183935471e+21,-0.0,-2387242.9,14813.0,75238990251.06,14908.0,212638892594.81,15909.0,-53122459944.25,True
20220817,15971.0,176.11,15987.0,1837.11,16005.0,168.88,7,True,False,True,X19056278,C1,1905627831982.55,2070.29,4369.07,15983.49,6.85,4.07,3.379960071887473e+21,-0.0,-134409.29,15910.0,-103852441357.55,15912.0,126976171923.7,16029.0,-11032617138.8,True
20220817,16096.0,8042.48,16155.0,78182.53,16185.0,66608.9,11,True,False,True,X18931414,M7,1893141355099.58,267937.49,53940.4,16123.94,19.88,123.79,3.3556964967725306e+21,-0.003,-354148.58,16030.0,53056032595.73,16124.0,210407717166.04,16185.0,-19970456662.08,True
20220817,16186.0,77157652279.74,16432.0,171196956032.27,16701.0,68586061250.47,30,True,False,True,X19660147,X1711969,1794817789659.13,180136315440.67,645905873358.21,16371.92,187.5,65.54,2.7440404053209823e+21,0.263,35268132.78,16186.0,100181111708.06,16418.0,293526936903.37,16701.0,44040852919.0,True
20220817,16710.0,2436520.72,16777.0,23596116.18,16809.0,18142963.47,6,True,True,True,X18683683,X235,1868344751355.52,45207160.31,22019899.4,16748.1,25.15,64.71,2.416488747021585e+21,-0.0,-48359.01,16702.0,9676624279.46,16715.0,130930665353.46,16809.0,29946953410.71,True
20220817,16702.0,1486681005.64,16809.0,2642707545.51,16809.0,2642707545.51,6,True,True,True,X18709874,X26427,1868344751355.52,3673683670.81,4969054560.13,16791.96,136.26,126.26,2.416488747021585e+21,-0.001,55332.15,16702.0,11162032185.52,16715.0,132566427862.07,16809.0,32571517992.75,True
20220817,16760.0,41984.54,16801.0,403128.24,16809.0,402141.38,6,True,True,True,X18683451,X4,1868344751355.52,34548595.1,204721.88,16772.26,9.69,2048.82,2.416488747021585e+21,-0.0,-132165.86,16702.0,9675351179.88,16715.0,130927171719.5,16809.0,29929212588.62,True
20220817,16810.0,0.0,16810.0,0.0,16810.0,0.0,6,True,True,True,X18605072,sub-A,1860507242867.15,6750232368.03,86421376616.69,16922.81,26.85,2.63,1.8715949634086825e+21,-0.0,0.0,16810.0,-10532023140.59,16925.0,104431965219.98,16941.0,10071321933.67,True
20220817,16810.0,0.0,16883.0,12923390949.23,16941.0,1639330706.98,6,True,True,True,X18734306,X129233,1860507242867.15,13044980115.52,118164733326.71,16879.72,27.98,3.87,1.8715949634086825e+21,0.02,392431.57,16810.0,-10532023140.59,16925.0,108835896781.28,16941.0,11710652640.66,True
20220817,16942.0,0.0,16942.0,0.0,16942.0,0.0,9,True,True,True,X18625185,sub-A,1862518513753.44,41725936278.11,1084044399480.93,16977.97,35.72,1.72,1.7787617750425957e+21,-0.0,0.0,16942.0,-43067097737.81,16983.0,121916544840.31,17133.0,65814917175.21,True
20220817,17090.0,738018.33,17133.0,7049841.63,17133.0,7049841.63,9,True,True,True,X18625255,X70,1862518513753.44,7966082.78,62250192.06,17140.82,24.63,3.95,1.7787617750425957e+21,-0.0,-14426.68,16942.0,-43067097737.81,16983.0,121916544840.31,17133.0,65821967016.84,True
20220817,17012.0,1903437772.7,17075.0,19367215238.42,17133.0,2705661807.84,9,True,True,True,X18818857,X193672,1862518513753.44,19679608224.59,133851860395.37,17069.62,28.78,5.3,1.7787617750425957e+21,0.031,575521.54,16942.0,-43067097737.81,16983.0,121916544840.31,17133.0,68520578983.05,True
20220817,17134.0,5037.56,17241.0,34193.15,17241.0,34193.15,6,True,True,True,X18321921,M3,1832192153343.38,716750.31,129005.64,17358.71,110.03,766.17,2.513663639977807e+21,-0.0,16269.51,17134.0,41143337241.87,17230.0,130004013579.66,17241.0,-69554766526.13,True
20220817,17142.0,3917650163.49,17159.0,43561965536.0,17200.0,4438952331.34,6,True,True,True,X18757541,X435619,1832192153343.38,83307098415.31,40714535726.85,17151.96,6.28,16.09,2.513663639977807e+21,0.071,556409.7,17134.0,41296997297.94,17166.0,137023635669.18,17241.0,-69207453322.48,True
20220817,17134.0,13807719321.12,17241.0,53933844887.51,17241.0,53933844887.51,6,True,True,True,X18861259,X539338,1832192153343.38,148384409330.87,331504609668.95,17367.49,130.08,72.97,2.513663639977807e+21,0.045,1730513.16,17134.0,54951051525.44,17230.0,178270379598.58,17241.0,-15620955831.78,True
20220817,17134.0,0.0,17134.0,0.0,17134.0,0.0,6,True,True,True,X18321921,sub-A,1832192153343.38,18453483182.7,309740822036.61,17027.12,130.15,9.72,2.513663639977807e+21,-0.0,0.0,17134.0,41143332204.32,17230.0,130003984430.3,17241.0,-69554800719.28,True
20220817,17325.0,19032230081.25,17397.0,191572042792.85,17445.0,180708432443.92,12,True,True,True,X18853745,X1915720,1693802543516.6,2939186606172.56,103316944802.48,17350.92,19.63,699.73,2.0023460253441993e+21,0.779,9443008.02,17242.0,-9239171822.75,17371.0,303918069770.14,17445.0,174145645056.58,True
20220817,17242.0,0.0,17401.0,68799183327.45,17445.0,67130127695.81,12,True,True,True,X17626017,X687991,1693802543516.6,2880280938535011.0,34411202376.05,17400.4,0.02,1791.61,2.0023460253441993e+21,0.284,1580154.76,17242.0,-9239174762.15,17425.0,173268306757.11,17445.0,60567340308.48,True
20220817,17242.0,155948347056.15,17283.0,190642966840.55,17423.0,19180722099.88,12,True,True,True,X18844455,X1906429,1693802543516.6,193757493289.24,1307724511069.14,17271.61,63.94,11.87,2.002346025344199e+21,0.682,11984068.29,17242.0,146709172294.0,17266.0,303407085392.62,17445.0,2296869534.86,True
20220817,17310.0,17.86,17311.0,83412325374.81,17351.0,8455063381.46,12,True,True,True,X17772148,X834123,1693802543516.6,4800248764308.43,44314477252.25,17310.79,0.13,17.11,2.0023460253441993e+21,0.123,682873.37,17242.0,-9239174762.15,17371.0,137778441500.6,17445.0,-6527982258.22,True
20220817,17627.0,245691862444.49,17756.0,2474011148024.18,20028.0,80748824427.61,4,True,False,True,X44673140,X24740111,1993302924642.81,19540556648431.98,1424319153297.36,17678.72,38.33,658.99,4.3508927963121855e+21,0.994,83688523.0,17446.0,-11102361538.81,17754.0,2668593266861.94,20088.0,48510268586.28,True
20220817,20096.0,245048907578.94,20217.0,481710297736.53,20559.0,48160532657.5,26,True,True,True,X25463506,X4817102,2064640318163.85,485409210505.91,4635195722224.61,20195.22,158.42,20.79,1.0043091947995364e+22,0.765,70820458.43,20089.0,-22109678515.42,20257.0,700110902539.27,20700.0,-48061840874.31,True
20220817,20659.0,1907027.64,20667.0,14720391.95,20700.0,14418218.27,26,True,True,True,X20646550,X147,2064640318163.85,5232896433.58,7390944.64,20661.0,1.76,1565.78,1.0043091947995364e+22,-0.0,-1086579.43,20089.0,-365242013196.61,20257.0,234607597228.71,20700.0,-53023375525.21,True
20220817,20701.0,74630398241.83,20818.0,133478048574.49,21051.0,13349333549.05,29,True,False,True,X20128711,X1334780,1879393070911.32,134855551522.56,1156438449814.92,20802.93,107.11,15.65,2.819288949912803e+21,0.472,15948980.2,20701.0,156857539440.25,20835.0,279424311901.18,21204.0,-24885136341.0,True
20220817,21214.0,6783.57,21229.0,86643.53,21360.0,50782.06,9,True,True,True,X17858809,M8,1785880862096.38,2335596.28,45315.72,21219.4,3.76,242.68,2.513963557385481e+21,-0.0,-33524.89,21205.0,33105790014.28,21328.0,109668380231.96,21360.0,-58982358872.43,True
20220817,21349.0,910695139.22,21360.0,8865838701.79,21360.0,8865838701.79,9,True,True,True,X17947467,X88658,1785880862096.38,1914319376512.67,88999091419.74,21379.5,11.9,320.73,2.513963557385481e+21,-0.002,40399.17,21205.0,33105790008.55,21328.0,109669645510.03,21360.0,-50116570952.7,True
20220817,21205.0,51241619373.72,21242.0,59290522085.9,21360.0,23784730339.89,9,True,True,True,X18451713,X592905,1785880862096.38,87181249765.18,73284790261.51,21193.92,54.76,81.64,2.513963557385481e+21,0.072,3824047.66,21205.0,84347409382.27,21234.0,165366122871.49,21360.0,-35197679314.6,True
20220817,21361.0,0.0,21361.0,0.0,21361.0,0.0,7,True,True,True,X15079497,sub-A,1507949742738.68,36316805466.45,867993881555.44,21351.65,65.65,3.44,2.0985506657874362e+21,-0.0,0.0,21361.0,56456423104.02,21391.0,136284744856.26,21456.0,-23719838722.04,True
20220817,21361.0,269946251149.49,21361.0,269946251149.49,21456.0,64166829881.85,7,True,True,True,X17778959,X2699462,1507949742738.68,295287035235.99,1318600659093.1,21321.56,65.03,18.25,2.0985506657874362e+21,0.661,8943156.85,21361.0,326402674253.51,21391.0,347372935509.35,21456.0,40446991159.81,True
20220817,21372.0,37173078290.03,21447.0,213857809652.76,21456.0,210063104968.7,7,True,True,True,X17218075,X2138578,1507949742738.68,216169847753.0,1814731861589.45,21441.01,44.38,6.63,2.0985506657874362e+21,0.675,7068504.6,21361.0,56456423104.02,21442.0,292824461595.78,21456.0,186343266246.65,True
20220817,21457.0,10144225255.78,21457.0,10144225255.78,21483.0,999941935.46,10,True,False,True,X18122613,X101442,1802117164909.26,12751289527.45,135890760905.43,21444.38,16.18,1.9,2.7429819280861e+21,0.003,164444.57,21457.0,-28063453971.76,21488.0,110780418098.55,21600.0,-32953468620.2,True
20220817,21601.0,0.0,21601.0,0.0,21601.0,0.0,6,True,False,True,X17859327,sub-A,1785932705833.79,25650416994.53,336092901088.0,21670.78,23.41,2.24,4.0533850374616855e+21,0.0,0.0,21601.0,50324618384.96,21634.0,153738070533.39,21684.0,87658846900.58,True
20220817,21685.0,1757317241501.51,21719.0,1787907716707.4,21876.0,1719285897569.06,13,True,True,True,X17887444,X17879077,836759091.55,60975356261669.89,926953603264.58,21601.64,44.1,3635.79,2.5376446630990216e+21,0.152,253313099.19,21685.0,1742696932314.7,21716.0,1925998568056.88,21876.0,1615191549449.38,True
20220817,21685.0,0.0,21839.0,30779809455.92,21876.0,7478161185.63,13,True,True,True,X316165,X307798,836759091.55,53206498151215.82,15572202390.08,21838.69,0.01,26.15,2.5376446630990216e+21,0.02,18584699.15,21685.0,-14620309186.81,21716.0,138213289111.53,21876.0,-96616186934.06,True
20220817,21938.0,11727163992.42,21989.0,112385517043.71,22922.0,3307020845.75,18,True,True,True,X16848207,X1123855,1572435203420.38,889528385580.26,64682754098.09,21958.15,15.24,262.75,3.552337725724442e+21,0.375,6761820.41,21877.0,4029483818.01,22016.0,242996870214.15,22984.0,24085792670.46,True
20220817,21877.0,137734775652.24,21904.0,184839637342.33,21982.0,18589362039.59,18,True,True,True,X17572748,X1848396,1572435203420.38,194223429169.11,707645787417.09,21893.37,33.88,11.65,3.552337725724442e+21,0.569,6945021.69,21877.0,141764252943.65,21913.0,311763595969.36,22984.0,21473875940.82,True
20220817,21981.0,2403.3,22052.0,24357.63,22922.0,5.36,18,True,True,True,X15724352,M2,1572435203420.38,61932.82,19006.12,22017.7,24.89,101.65,3.552337725724442e+21,-0.0,-82682.42,21877.0,4029477291.41,21957.0,150658630429.37,22984.0,21473875943.74,True
20220817,22985.0,36871853.47,23104.0,49776227.03,23104.0,49776227.03,6,True,True,True,X15743457,X497,1574296000827.92,290263336.83,42955586.72,23005.47,262.67,2224.52,2.609557657155888e+21,-0.004,-216328.59,22985.0,10391987453.33,23075.0,148701225375.86,23104.0,-26243581425.37,True
20220817,23018.0,2855088932.81,23026.0,27467463772.28,23076.0,2752153348.44,6,True,True,True,X16017634,X274674,1574296000827.92,120730469080.11,17657589202.93,23021.41,2.49,21.33,2.609557657155888e+21,0.044,455679.59,22985.0,10355115599.86,23075.0,151538643381.6,23104.0,-25552614343.54,True
20220817,23097.0,0.02,23104.0,0.26,23104.0,0.26,6,True,True,True,X15742960,sub-A,1574296000827.92,3648534801842.07,635906417493.67,23260.65,21.61,155.39,2.609557657155888e+21,-0.004,-15041.0,22985.0,10355115599.86,23075.0,148654413005.43,23104.0,-26293357652.14,True
20220817,23069.0,4751.54,23104.0,50178.95,23104.0,50178.95,6,True,True,True,X15742960,M5,1574296000827.92,1742238.7,26003.87,23080.92,8.97,752.86,2.609557657155888e+21,-0.004,-391307.17,22985.0,10355115599.86,23075.0,148654426152.05,23104.0,-26293307473.46,True
20220817,23161.0,5117.83,23212.0,52094.73,23212.0,52094.73,7,True,True,True,X15242330,M5,1524233022668.15,1339765.99,89635.77,23231.46,37.21,697.02,3.9181369737347245e+21,-0.0,-577389.27,23105.0,9795819909.62,23192.0,154067777778.45,23212.0,-13374388082.53,True
20220817,23105.0,11868635232.67,23193.0,48638088219.56,23212.0,46296027744.0,7,True,True,True,X15728711,X486380,1524233022668.15,75865953289.69,55592117926.08,23151.99,43.43,74.28,3.9181369737347245e+21,-0.054,2214973.07,23105.0,21664455082.42,23192.0,202699640450.8,23212.0,32921587566.74,True
20220817,23182.0,5443289502.09,23212.0,56425537865.69,23212.0,56425537865.69,7,True,True,True,X15806585,X564255,1524233022668.15,18695320499533.64,651110580591.38,23267.31,32.39,1165.48,3.9181369737347245e+21,-0.163,-260366.26,23105.0,9796169187.74,23192.0,166998223429.69,23212.0,43051097688.43,True
20220817,23213.0,0.0,23213.0,0.0,23213.0,0.0,13,True,True,True,X15207634,sub-A,1520763438076.45,2367805865.36,74641000573.88,23249.33,28.74,1.14,2.8508118524671227e+21,-0.0,0.0,23213.0,59121001434.36,23260.0,178903950127.32,23404.0,47323491188.97,True
20220817,23323.0,510779.04,23404.0,5183844.95,23404.0,5183844.95,13,True,True,True,X15207686,X51,1520763438076.45,24330262.07,3403044.59,23366.3,30.65,274.65,2.8508118524671227e+21,-0.0,-264497.14,23213.0,59121001436.26,23260.0,178903951860.97,23404.0,47328675033.92,True
20220817,23216.0,8144678199.33,23300.0,62157125251.49,23400.0,6175305429.75,13,True,True,True,X15829205,X621571,1520763438076.45,62850986276.58,517487276809.91,23293.02,45.97,7.0,2.8508118524671227e+21,-0.022,3858170.67,23213.0,71625600007.59,23260.0,221904406869.59,23404.0,52443292141.1,True
20220817,23405.0,7495.09,23524.0,48232.04,23524.0,48232.04,6,True,False,True,X15292579,M4,1529257862581.51,292801.25,29184.08,23453.83,44.01,553.41,2.103368432996071e+21,-0.001,90554.54,23405.0,16418651090.36,23480.0,100736766324.74,23524.0,-46284107698.7,True
20220817,23525.0,0.0,23582.0,60788644446.82,23680.0,48775893653.76,9,True,True,True,X15078399,X607886,1447051279084.06,233776793198115.8,30423217849.59,23581.58,0.05,445.12,2.5970576721798853e+21,0.212,3018722.14,23525.0,57821022208.31,23587.0,155823898641.85,23680.0,147834071384.31,True
20220817,23525.0,65468030738.88,23544.0,78283050058.68,23611.0,8080188496.87,9,True,True,True,X15253343,X782830,1447051279084.06,79269151583.81,613474576017.92,23538.88,31.06,5.03,2.5970576721798853e+21,0.264,2491775.21,23525.0,123289052947.19,23535.0,191655019744.07,23680.0,99066015738.74,True
20220817,23525.0,0.0,23525.0,0.0,23525.0,0.0,9,True,True,True,X14470512,sub-A,1447051279084.06,4762489255.62,107605360450.62,23562.06,50.16,2.78,2.5970576721798853e+21,-0.0,0.0,23525.0,57821022208.31,23535.0,116370221111.7,23680.0,99058177730.55,True
20220817,23681.0,0.0,23774.0,10716169223.06,23800.0,10583169910.84,9,True,True,True,X15018993,X107161,1491183210774.86,2.085632177281664e+16,5359550068.81,23773.43,0.0,2081.87,1.8352111860940184e+21,0.011,120431.5,23681.0,-18231676488.4,23785.0,93675879334.47,23800.0,26496880165.08,True
20220817,23681.0,0.0,23700.0,13100032178.82,23800.0,2706265398.61,9,True,True,True,X15042832,X131000,1491183210774.86,11911196509.66,113605541542.57,23728.4,38.45,5.05,1.8352111860940187e+21,0.016,469617.72,23681.0,-18231676488.4,23717.0,97603242638.5,23800.0,18619975652.85,True
20220817,24153.0,68805188229.9,24784.0,686971791589.32,24784.0,686971791589.32,44,True,False,True,X22445091,X6869717,1557537336310.6,802006672436.04,1435875536710.0,24654.54,283.17,198.23,3.040544344975863e+21,0.949,126106973.12,23801.0,-45286144349.22,24702.0,869205009748.61,24784.0,562579147509.27,True
20220817,24785.0,0.0,27103.0,1867022317653.27,27545.0,1467060175441.09,19,True,True,True,X39651677,X18670223,2098145475469.2,23802693209761.96,1031640134433.3,26925.25,62.73,1814.06,4.5668426854579873e+21,0.983,303215881.0,24785.0,142189973749.55,27104.0,1957923616327.67,27545.0,1398911187062.16,True
20220817,27416.0,1578470708.51,27442.0,15651859566.51,27545.0,9464282241.73,19,True,True,True,X21137973,X156518,2098145475469.2,182579566037.57,8630029324.47,27425.87,7.47,198.02,4.5668426854579873e+21,0.006,719396.69,24785.0,142189973749.55,27238.0,193463828973.56,27545.0,-58684706137.19,True
20220817,24785.0,0.0,27350.0,40948501635.56,27545.0,38279676866.43,19,True,True,True,X21390939,X409485,2098145475469.2,1037539993192663.5,20477062563.47,27349.6,0.05,2893.34,4.5668426854579873e+21,0.075,3664994.16,24785.0,142189973749.55,27352.0,228400565147.02,27545.0,-29869311512.49,True
20220817,27254.0,10218415815.4,27341.0,75735883734.32,27446.0,7504549329.98,19,True,True,True,X21738813,X757358,2098145475469.2,76578752796.09,631649940489.25,27334.05,48.08,7.31,4.5668426854579873e+21,0.131,4337778.36,24785.0,142189973749.55,27352.0,261371190995.88,27545.0,-68135889315.33,True
20220817,27546.0,1451633098373.89,27660.0,1569821641121.17,28517.0,587323735087.46,34,True,True,True,X37137251,X15698216,2143903544916.9,4105785907477.08,1207969254218.6,27410.67,180.12,767.31,4.243225650971969e+21,0.963,462208422.05,27546.0,1547068623051.85,27616.0,1715722431645.6,28517.0,569019596907.92,True
20220817,28398.0,3043324667.46,28411.0,34573345456.03,28517.0,16388869893.93,34,True,True,True,X21784768,X345733,2143903544916.9,599197506732.86,18495815262.39,28402.78,3.45,140.25,4.243225650971969e+21,0.016,1346462.88,27546.0,95435524677.96,28513.0,194167857772.02,28517.0,-1915268285.61,True
20220817,28518.0,0.0,28554.0,53326185849.6,28575.0,5313321752.5,5,True,False,True,X28047603,X533261,2751434150940.59,3120115144385.08,30007518890.7,28552.92,0.07,9.11,4.2091940800019667e+21,0.03,567067.66,28518.0,101982597106.29,28536.0,229584647887.54,28625.0,42494071715.66,True
20220817,28626.0,2666787474384.27,28695.0,2776480660271.44,29057.0,2540367516389.37,23,True,False,True,X27765910,X27764806,110343355.65,59689080209597.99,1467340905021.15,28511.54,74.05,3775.26,4.746148002173978e+21,0.531,705150518.79,28626.0,2676215828519.35,28723.0,2933336433988.1,29057.0,2487361580472.47,True
20220817,29058.0,0.0,29058.0,0.0,29058.0,0.0,2,True,True,True,X25439246,sub-A,2543924636993.19,428722716973.9,4376838534808.87,30256.97,34.36,4.22,1.8168752519488276e+22,-0.0,0.0,29058.0,-13120018433.67,30245.0,547069632114.22,30249.0,-146278083967.95,True
20220817,29162.0,27400224864.64,30097.0,10930128990260.88,30249.0,10774240165724.76,2,True,True,True,X134740536,X109301289,2543924636993.19,161178311011625.94,5911439438573.0,29675.55,181.56,6204.17,1.8168752519488276e+22,0.999,691336742.03,29058.0,-9186844024.44,30245.0,11327524581756.81,30249.0,10627962081756.81,True
20220817,30250.0,5809376643742.03,30259.0,5813789779714.52,30774.0,580030385458.11,1,True,False,True,X134394595,X58137897,7625669757665.58,5910864573682.89,39437655352993.48,30216.58,234.74,44.1,1.592396714475209e+22,0.996,397032350.47,30250.0,5904324336033.94,30277.0,6143631523430.32,31053.0,-20235628708.84,True
20220817,31054.0,6624367281781.89,31910.0,8875520991603.44,34232.0,2862242821741.59,3,True,False,True,X97361538,X88755209,860632842424.69,9127040334110.12,64564872545664.02,31899.2,1363.14,241.51,2.276587850754019e+22,0.988,2261114808.89,31054.0,7117267059919.06,31848.0,9111368134137.82,34232.0,3093555878278.44,True
20220817,34233.0,0.0,34233.0,0.0,34233.0,0.0,2,True,True,True,X56397845,sub-A,5639784538632.7,436794020413.2,9432047054459.17,34391.17,66.23,3.84,6.583671427837006e+23,0.0,0.0,34233.0,-1546460808163.96,34346.0,932300422304.79,34400.0,662657844179.79,True
20220817,34233.0,0.0,34233.0,0.0,34233.0,0.0,2,True,True,True,X56397845,sub-A,5639784538632.7,29484863696394.88,106755934062.63,34421.58,2.27,784.28,6.583671427837006e+23,0.0,0.0,34233.0,-1546460808163.96,34346.0,932300422304.79,34400.0,662657844179.79,True
20220817,34401.0,3544380105326.09,34584.0,4288142873629.08,35805.0,428433718941.2,6,True,True,True,X67736313,X42881428,2485488502391.04,7305752138753.72,4443933435596.7,34352.88,223.73,460.98,7.6114128768858e+21,0.996,1117819429.07,34401.0,3755237571827.71,34565.0,4595972923390.21,36008.0,155341862334.48,True
20220817,34827.0,10704548072.33,34939.0,109866960534.21,36008.0,68069049336.98,6,True,True,True,X25953554,X1098669,2485488502391.04,3542543239386.17,57070722846.24,34864.37,28.43,2212.05,7.611412876885799e+21,0.176,44985418.18,34401.0,210857466501.62,34914.0,375779322002.18,36008.0,-52414871785.13,True
20220817,36009.0,0.0,37067.0,0.0,37069.0,0.0,33,True,True,True,X23243838,sub-A,2324383856751.69,31245713609.07,1310892711477.89,36096.54,27.09,0.81,6.287234495470122e+22,-0.001,28507238.9,36009.0,588153740904.56,36093.0,639800957701.44,37535.0,-236200999905.54,True
20220817,36009.0,0.0,36194.0,488694916259.03,37067.0,0.0,33,True,True,True,X28130787,X4886949,2324383856751.69,493312474566.86,4425298156301.59,36187.95,45.98,6.42,6.287234495470122e+22,0.295,48581254.41,36009.0,588153740904.56,36093.0,639800957701.44,37535.0,-236200999905.54,True
20220817,37274.0,1696915.7,37283.0,24146035.23,37351.0,2442763.12,33,True,True,True,X23244080,X241,2324383856751.69,131420913.43,14775598.13,37278.08,2.62,29.2,6.287234495470122e+22,-0.001,-5676517.43,36009.0,588153740904.56,36093.0,639800957701.44,37535.0,-236200995423.56,True
20220817,37598.0,268786421.47,37631.0,2674166655.72,37631.0,2674166655.72,7,True,True,True,X21162410,X26741,2113566872217.42,130782989099612.69,3698567774073.96,37820.95,56.21,2491.27,3.194291113422026e+21,-0.002,-11773.62,37536.0,23973238011.43,37618.0,150530676859.24,37631.0,-53883784251.19,True
20220817,37536.0,0.0,37536.0,0.0,37541.0,0.0,7,True,True,True,X21135668,sub-A,2113566872217.42,668714888074.15,1447260610111.3,37388.68,4.08,2.36,3.194291113422026e+21,-0.0,-28817.38,37536.0,23971765600.31,37618.0,149405966247.8,37631.0,-56557950906.91,True
20220817,37572.0,3974.56,37621.0,41063.24,37631.0,36940.21,7,True,True,True,X21135669,M4,2113566872217.42,41817.71,266498.64,37616.39,22.18,4.36,3.194291113422026e+21,-0.0,-13296.01,37536.0,23971765600.31,37618.0,149406007045.25,37631.0,-56557913966.7,True
20220817,37540.0,2697216.76,37631.0,26836031.06,37631.0,26836031.06,7,True,True,True,X21135937,X268,2113566872217.42,121402566.25,154043133.32,37718.41,78.91,77.95,3.194291113422026e+21,-0.0,78419.15,37536.0,23974135840.21,37618.0,149426784576.81,37631.0,-56531114875.84,True
20220817,37632.0,11124636613.42,37811.0,18691722642.37,37811.0,18691722642.37,10,True,True,True,X21171393,X186917,2098447627545.67,27247319528.64,23511554830.15,37689.56,154.81,224.85,2.883353028896235e+21,-0.001,1381017.8,37632.0,-45945163511.69,37643.0,145358132744.73,37811.0,-39226478395.95,True
20220817,37655.0,8686.32,37811.0,86282.42,37811.0,86282.42,10,True,True,True,X20984477,M8,2098447627545.67,163013.08,98446.33,37777.93,76.17,158.07,2.883353028896235e+21,-0.0,11587.98,37632.0,-57069795534.48,37643.0,133535380827.27,37811.0,-57918114755.91,True
20220817,37734.0,455220155.41,37811.0,4615050772.74,37811.0,4615050772.74,10,True,True,True,X21030626,X46150,2098447627545.67,54124202249.09,8621623334.28,37842.45,56.61,445.39,2.883353028896235e+21,0.001,-77012.17,37632.0,-57068118359.09,37643.0,133538934125.1,37811.0,-53303150265.59,True
20220817,37708.0,875712096.8,37713.0,7873386527.08,37811.0,6228899342.0,10,True,True,True,X21063210,X78733,2098447627545.67,1122639081663.45,3975440537.41,37709.44,1.18,416.08,2.883353028896235e+21,0.004,366185.83,37632.0,-57069800125.11,37643.0,133535374535.45,37811.0,-51689301696.33,True
20220817,38144.0,12034683227.14,38241.0,111568316649.79,38346.0,11205750486.92,34,True,False,True,X22335097,X1115683,2121941426912.67,112878072149.68,905558598190.98,38233.82,48.2,7.53,3.8835593990770126e+21,0.24,7005371.33,37812.0,-53044210115.8,38277.0,277072977384.2,38484.0,-158106832186.11,True
20220817,38574.0,12112049862.19,38777.0,120479730502.82,38844.0,94463772640.69,23,True,False,True,X21756892,X1204797,2055209501420.68,122555215165.34,804664235317.76,38760.17,93.69,17.88,2.532726902380943e+21,0.448,10330121.63,38485.0,3552949751.2,38818.0,241647188032.45,38844.0,25895723188.7,True
20220817,38845.0,0.0,41484.0,5361502849981.22,42621.0,2660561182759.21,6,True,False,True,X75529585,X53615028,2191455658346.85,20715678974419.34,3562527766865.98,41150.34,202.91,1478.8,8.191040930165543e+21,0.996,1930116116.02,38845.0,-21060882956.23,41508.0,5548590240090.65,42621.0,2812580962746.9,True
20220817,44290.0,11051.04,44316.0,110858.76,44542.0,55993.57,42,True,True,True,X40861862,X1,4086186158814.78,2241391.55,58778.42,44298.99,6.85,327.56,4.5605539735114446e+23,-0.032,-91879699.02,42622.0,757675169310.22,42672.0,1080180540403.97,44542.0,-1097618916194.95,True
20220817,44386.0,37608285245.93,44422.0,378024445567.06,44469.0,38674680908.89,42,True,True,True,X44642106,X3780244,4086186158814.78,469538846379.35,644394303403.25,44412.12,15.18,13.87,4.5605539735114446e+23,-0.106,-27785505.77,42622.0,757675169310.22,42672.0,1080180540403.97,44542.0,-1097418148402.11,True
20220817,45440.0,4941.82,45475.0,50216.6,45586.0,39244.69,51,True,True,True,X26477745,M5,2647774478706.95,995277.87,26653.71,45452.29,9.32,436.26,5.735185977076493e+22,-0.009,-20747679.83,44543.0,479178711457.66,44568.0,579350290100.15,45586.0,-337822176002.83,True
20220817,44716.0,22482202160.95,44850.0,224878282236.46,45041.0,22558541766.52,51,True,True,True,X28726527,X2248782,2647774478706.95,296112398703.94,335375232437.23,44808.8,55.22,61.1,5.735185977076493e+22,0.114,22326677.35,44543.0,479179134574.3,44568.0,579353939261.8,45586.0,-337819195686.01,True
20220817,45587.0,73405654884.63,45674.0,124366793157.87,45910.0,45840149407.28,16,True,True,True,X23177789,X1243667,2193412142639.21,274254235434.08,105100431518.39,45597.52,60.87,199.08,2.3593776284192138e+21,0.193,13807619.12,45587.0,77715054626.42,45677.0,242904996032.67,45910.0,19289479930.85,True
20220817,45587.0,0.0,45689.0,30184083771.02,45894.0,2991479252.8,16,True,True,True,X22235962,X301840,2193412142639.21,23374715301.79,221926358065.76,45744.08,68.97,9.11,2.3593776284192138e+21,0.02,1719392.83,45587.0,4309399741.78,45758.0,124783947217.3,45910.0,-24717868218.36,True
20220817,49343.0,2216154762614.91,49542.0,22401740592671.58,50209.0,2240272889299.61,1,True,False,True,X259152846,X224017405,3513544014161.35,54657241109091.64,17857229995045.5,49447.85,70.79,271.55,3.837368100440285e+23,0.989,1996379238.19,45911.0,-1033722215781.6,49561.0,22028566442296.03,51734.0,434801854351.56,True
20220817,51787.0,10562664608.02,51828.0,60213137121.87,51881.0,6063698994.72,9,True,True,True,X41065589,X602131,4046345841945.47,60857924427.59,512006683620.37,51824.51,24.39,3.63,6.052819671868765e+21,0.077,1441706.35,51735.0,-19416886867.34,51814.0,237464704929.53,51962.0,-11270615614.32,True
20220817,51735.0,0.0,51863.0,19425843733.41,51912.0,2006764312.61,9,True,True,True,X40657716,X194258,4046345841945.47,12459406259.16,129123307774.46,51864.83,23.1,2.79,6.052819671868765e+21,0.005,140668.09,51735.0,-19416886867.34,51850.0,191699442625.62,51962.0,-11267197627.16,True
20220817,51735.0,0.0,51895.0,33355566058.81,51962.0,14095883998.18,9,True,True,True,X40797014,X333555,4046345841945.47,24523909040.14,241943205017.88,51914.37,40.4,5.13,6.052819671868765e+21,0.018,479000.33,51735.0,-19416886867.34,51850.0,191699442625.62,51962.0,2825236153.46,True
20220817,52186.0,870648543381.44,53144.0,8691980227984.32,57010.0,868821036471.0,1,True,False,True,X120615287,X86919802,3369548482029.15,21293515944240.28,19407538543876.79,53408.98,644.39,886.11,4.880013081360839e+22,0.987,2388284705.68,51963.0,694657572658.35,53142.0,9325288432033.35,58321.0,-274145649997.9,True
20220817,58322.0,387589728481.67,58500.0,809139149249.81,59317.0,182332447075.8,46,True,False,True,X33318280,X8091391,2522688944031.87,2419568775607.18,586969188948.34,58353.46,99.15,512.24,5.27314404317676e+21,0.886,202828844.63,58322.0,377055929015.01,58465.0,1103923848936.88,59317.0,193010030577.51,True
20220817,59318.0,0.0,59319.0,61454064388.92,59569.0,26796501933.58,14,True,True,True,X27227979,X614540,2661343929765.44,158918472224665.75,30783539965.06,59318.45,0.05,301.2,2.982298120992299e+21,0.033,4516644.02,59318.0,-5898544861.13,59336.0,176814196883.6,59569.0,44572623901.4,True
20220817,59346.0,7316764893.31,59420.0,75366927704.71,59494.0,7355861968.77,14,True,True,True,X27367108,X753669,2661343929765.44,76592087781.17,518705987077.0,59413.7,33.72,6.24,2.982298120992299e+21,0.203,2628485.1,59318.0,-4746273515.44,59444.0,178419603931.25,59569.0,17783640566.61,True
20220817,59605.0,9629.03,59676.0,97786.83,59761.0,92695.41,8,True,True,True,X26806433,M9,2680643228794.43,3356471.45,50687.57,59628.33,17.84,1480.98,3.9236420384363973e+21,-0.026,-1022798.68,59570.0,-41182535435.06,59639.0,146324544643.07,59761.0,-860976853.81,True
20220817,59703.0,19836.08,59741.0,219402.92,59761.0,218762.5,8,True,True,True,X26806434,X2,2680643228794.43,67738641.64,110224.12,59713.72,8.0,6158.74,3.9236420384363973e+21,-0.026,-771441.95,59570.0,-41182535489.61,59639.0,146324472071.92,59761.0,-860850786.72,True
20220817,59762.0,202386003346.55,59911.0,311790442844.53,60223.0,47203659156.27,21,True,True,True,X27173555,X3117904,2405565080763.11,316617333994.0,2198218932905.76,59883.0,157.76,28.48,3.305758142747144e+21,0.696,44333419.78,59762.0,270155378221.27,59911.0,479001813768.14,62486.0,-23196428419.36,True
20220817,59970.0,2289872676.73,59976.0,29580401035.81,60145.0,2943241647.25,21,True,True,True,X24351454,X295804,2405565080763.11,631923627558.15,15655968397.13,59972.09,1.45,73.12,3.305758142747144e+21,0.016,1021639.66,59762.0,67769374874.72,59962.0,168473544286.15,62486.0,-23196428419.36,True
20220817,62639.0,544524160.96,62677.0,5460504703.49,62750.0,897210302.37,14,True,True,True,X24716399,X54605,2466179412150.03,10309026185.94,5157593551.32,62660.73,14.13,35.4,4.7008450329664637e+21,-0.038,-2317743.98,62487.0,-118199299744.02,62600.0,152974413788.13,62750.0,-4626804321.26,True
20220817,62487.0,5889760640.86,62525.0,11163831557.21,62596.0,1128223706.0,14,True,True,True,X24773432,X111638,2466179412150.03,11280894282.58,96113539341.05,62519.96,32.89,4.84,4.7008450329664637e+21,0.009,929344.04,62487.0,-112309539103.16,62600.0,153841253825.47,62750.0,-5524014620.95,True
20220817,62487.0,0.0,62487.0,0.0,62487.0,0.0,14,True,True,True,X24661794,sub-A,2466179412150.03,220255626824.11,4233170498760.38,62594.13,47.63,3.11,4.7008450329664637e+21,-0.017,0.0,62487.0,-118199299744.02,62600.0,152974331658.87,62750.0,-5524014623.63,True
20220817,62612.0,13525.26,62683.0,141371.69,62750.0,126543.54,14,True,True,True,X24661795,X1,2466179412150.03,1692744.8,77754.78,62638.65,19.73,538.47,4.7008450329664637e+21,-0.017,-2128435.22,62487.0,-118199299744.02,62600.0,152974335507.23,62750.0,-5523888080.09,True
20220817,62751.0,168958093641.2,62894.0,1318639448653.74,62894.0,1318639448653.74,7,True,True,True,X13186472,X13186394,7764915.24,5979431019350.75,911965444196.6,62831.56,62.3,511.95,2.594205464227601e+21,0.981,118335776.36,62751.0,145063569190.7,62884.0,1413322197819.84,62894.0,1311169573920.03,True
20220817,62884.0,82906.9,62894.0,941161.0,62894.0,941161.0,7,True,True,True,X87,X9,7764915.24,158050367328241.2,1836541331484.52,63006.1,22.33,2408.03,2.594205464227601e+21,-0.0,753477.29,62751.0,-23894524450.5,62792.0,159766940537.68,62894.0,-7468933572.7,True
20220817,62751.0,2196822464722.18,62751.0,2196822464722.18,62894.0,1113840274691.22,7,True,True,True,X21968302,X21968224,7764915.24,4306393553220.69,2019020315489.46,62676.52,59.94,160.22,2.594205464227601e+21,0.979,185495537.65,62751.0,2172927940271.68,62753.0,2250445854146.54,62894.0,1106370399957.51,True
20220817,62751.0,0.0,62751.0,0.0,62751.0,0.0,7,True,True,True,X77,sub-A,7764915.24,192570041310.09,2996244012314.43,62876.58,65.61,5.28,2.594205464227601e+21,-0.0,0.0,62751.0,-23894524450.5,62792.0,159766940537.68,62894.0,-7469874733.71,True
20220817,62895.0,101532695203.36,63128.0,600646995970.56,63338.0,181793621112.81,18,True,True,True,X29066200,X6006469,2305973077497.94,685651016028.14,1348063221916.31,63068.83,114.72,73.13,3.516333984279359e+21,0.871,78350461.82,62895.0,166614894062.65,63132.0,727781124008.7,63338.0,183762736947.39,True
20220817,63206.0,8459.0,63219.0,103284.22,63338.0,27251.07,18,True,True,True,X23059731,X1,2305973077497.94,1137507.2,57250.73,63211.1,3.55,88.35,3.516333984279359e+21,-0.0,-197530.29,62895.0,65082198859.29,63054.0,155987062637.6,63338.0,1969143085.65,True
20220817,63163.0,29064054280.16,63331.0,287992850529.47,63338.0,286997102410.92,18,True,True,True,X25939659,X2879928,2305973077497.94,425849120424.26,353146655212.98,63271.37,67.01,101.28,3.516333984279359e+21,0.736,13618029.43,62895.0,65082205059.83,63331.0,406351868786.18,63338.0,288966218245.51,True
20220817,63214.0,12641.42,63317.0,128263.9,63338.0,123053.43,18,True,True,True,X23059732,X1,2305973077497.94,382335.0,93164.29,63264.98,35.2,181.07,3.516333984279359e+21,-0.0,-226533.34,62895.0,65082198859.29,63054.0,155987062637.6,63338.0,1969238888.01,True
20220817,63339.0,306323275740.25,63357.0,317892723677.19,63698.0,134565204697.05,20,True,False,True,X28355414,X3178927,2517648760906.16,1934273830645.54,190502436720.29,63300.42,29.93,380.88,3.755319458093719e+21,0.472,34722033.26,63339.0,383066326984.46,63371.0,469038983234.46,63698.0,109540692218.84,True
20220817,64508.0,59815743323.35,64589.0,601068373435.57,65687.0,60214911977.97,50,True,True,True,X30497006,X6010683,2448632313244.67,9559559992084.31,5236913583230.45,64709.79,81.29,185.99,5.575594429403779e+21,0.625,33999574.24,63699.0,23170534654.51,64586.0,579683276908.7,66078.0,-37031138664.11,True
20220817,63701.0,149007038334.78,64529.0,1491755505988.15,65432.0,149070855175.71,50,True,True,True,X39403878,X14917555,2448632313244.67,1633268280388.1,4123399843222.41,64372.97,365.77,181.58,5.575594429403777e+21,0.981,330132987.99,63699.0,170498546130.33,64473.0,1708770800545.41,66078.0,-39168305511.11,True
20220817,64320.0,12186468406.78,64468.0,120259057567.44,65350.0,0.0,50,True,True,True,X25688913,X1202590,2448632313244.67,122394229153.34,790608239062.15,64455.23,68.25,13.24,5.575594429403779e+21,0.144,8979842.4,63699.0,23170534654.51,64473.0,351787660506.58,66078.0,-44387774135.63,True
20220817,63699.0,0.0,65593.0,269394235484.94,66054.0,26917649828.22,50,True,True,True,X27180265,X2693942,2448632313244.67,275224607650.17,1600640857724.56,65549.63,208.93,45.03,5.575594429403779e+21,0.645,54884085.26,63699.0,23170534654.51,65495.0,434585994953.71,66078.0,-23279950543.83,True
20220817,66079.0,0.0,66157.0,38412.76,67026.0,4510.38,6,True,True,True,X21812724,M3,2181272426671.96,442350746.15,19227.79,66156.55,0.01,405.69,5.687045523550266e+21,-0.002,-277460.45,66079.0,149139416196.21,66108.0,227531732839.24,67026.0,42074196352.73,True
20220817,66079.0,164051780178.7,66170.0,428161367907.93,66987.0,279751195.2,6,True,True,True,X26094337,X4281613,2181272426671.96,639379820147.73,655138852963.48,66149.16,77.96,95.36,5.687045523550266e+21,0.798,13048355.43,66079.0,313191196374.91,66163.0,486374019854.2,67026.0,42260039520.78,True
20220817,67027.0,621349372688.85,67055.0,715845274636.29,67230.0,85880885298.04,9,True,True,True,X23187054,X7158452,1602860215414.18,1105426359116.75,828512033799.4,67016.78,40.62,67.93,2.0973963510755833e+21,0.96,42358855.51,67027.0,672676405679.53,67059.0,811433724241.13,67230.0,24895731619.15,True
20220817,67132.0,20093840110.3,67213.0,197869593554.28,67230.0,197655409638.41,9,True,True,True,X18007298,X1978695,1602860215414.18,50925619444776.04,99493013869.93,67154.42,17.58,11276.8,2.0973963510755833e+21,0.776,8016191.51,67027.0,51327032990.72,67204.0,318010543622.1,67230.0,136670255959.52,True
20220817,67027.0,0.0,67213.0,75148110540.39,67230.0,22445698992.32,9,True,True,True,X16780083,X751481,1602860215414.18,18311947568364.17,38751575453.13,67212.57,0.02,14.07,2.0973963510755833e+21,0.078,422726.5,67027.0,51327032990.68,67204.0,120374680904.8,67230.0,-38539454686.56,True
20220817,67231.0,0.0,69590.0,489986547277.24,69665.0,50050751583.74,35,True,True,True,X19644461,X4899865,1474459600339.75,514882134732.7,1876633035398.22,69580.17,32.53,11.19,2.2789877093714887e+21,0.875,18783152.05,67231.0,105309146735.78,69592.0,599946616846.96,70215.0,36112598327.9,True
20220817,67231.0,420117483393.22,67303.0,556739026670.2,69557.0,0.17,35,True,True,True,X20311986,X5567390,1474459600339.75,806373548370.25,6014410805204.33,67475.75,249.85,41.98,2.2789877093714887e+21,0.904,19235758.09,67231.0,525426630129.0,67294.0,630296259035.25,70215.0,36112598327.9,True
20220817,67231.0,0.0,69718.0,297147313931.37,70057.0,29718030813.07,35,True,True,True,X17716069,X2971473,1474459600339.75,427705573479.56,379042522734.61,69647.58,82.98,117.35,2.2789877093714887e+21,0.822,46150467.17,67231.0,105309146735.78,69716.0,432869577742.26,70215.0,43844232668.06,True
20220817,70248.0,943121387.61,70252.0,35547277794.11,70371.0,24643078314.8,11,True,True,True,X14978790,X355472,1462331815359.36,5751812425809.15,17930141208.8,70249.56,0.81,323.72,1.6543904731394125e+21,0.087,2039132.66,70216.0,38983682608.28,70286.0,141776012274.8,70371.0,53261159776.97,True
20220817,70216.0,0.0,70221.0,21938999136.09,70250.0,2274976944.1,11,True,True,True,X14842708,X219389,1462331815359.36,14197745665.98,138963304088.74,70227.24,11.08,1.42,1.6543904731394125e+21,0.019,166157.18,70216.0,38983682608.28,70355.0,111150513510.16,70371.0,28618081462.18,True
20220817,70305.0,213901558.58,70371.0,2182537558.98,70371.0,2182537558.98,11,True,True,True,X14645143,X21825,1462331815359.36,74866746885.56,3679838836.1,70395.62,47.99,1223.77,1.6543904731394125e+21,0.001,-18951.86,70216.0,38984346750.01,70355.0,112581444104.72,70371.0,30800619021.16,True
20220817,70372.0,58427435517.09,70455.0,206382238246.3,70455.0,206382238246.3,5,True,True,True,X13703010,X2063822,1163918822179.95,4231341260960.97,351553363422.13,70503.88,96.39,1454.09,1.598036307251202e+21,0.542,6462458.57,70372.0,26011840141.73,70454.0,235330640593.47,70455.0,187552049117.69,True
20220817,70372.0,157540118936.88,70372.0,157540118936.88,70455.0,36539342325.54,5,True,True,True,X13214589,X1575401,1163918822179.95,173541482632.81,1799917179088.35,70339.1,61.17,7.39,1.598036307251202e+21,0.454,5156091.27,70372.0,125124523561.52,70383.0,205057377723.19,70455.0,17709153196.94,True
20220817,70372.0,117705854483.63,70372.0,117705854483.63,70455.0,101689371337.76,5,True,True,True,X12816246,X1177058,1163918822179.95,913024042057.18,77460842338.67,70214.85,38.41,567.35,1.598036307251202e+21,0.009,5831158.65,70372.0,85290259108.27,70426.0,195758744543.28,70455.0,82859182209.15,True
20220817,70456.0,0.0,70456.0,0.0,70456.0,0.0,5,True,True,True,X3,sub-A,385106.63,9891225640326310.0,5032028757412.18,70565.92,1.31,3239.5,1.4815773258187732e+21,-0.0,0.0,70456.0,-39810468513.87,70510.0,105688880836.54,70515.0,-766576.11,True
20220817,70514.0,584.08,70515.0,35778472972.85,70515.0,35778472972.85,5,True,True,True,X357788,X357784,385106.63,362571179585396.5,1771612146332.03,70515.59,0.25,64.74,1.4815773258187732e+21,0.014,0.0,70456.0,-39810468513.87,70510.0,105688880836.54,70515.0,35777706396.75,True
20220817,70456.0,711961240347.86,70515.0,1216389353607.04,70515.0,1216389353607.04,5,True,True,True,X12163897,X12163893,385106.63,1432931910655.39,2424942722730.68,70485.69,51.79,38.35,1.4815773258187732e+21,0.944,59592315.71,70456.0,672150771833.99,70510.0,1317094130560.49,70515.0,1216388587030.94,True
20220817,70456.0,766345791301.56,70456.0,766345791301.56,70515.0,233301426959.89,5,True,True,True,X7663461,X7663457,385106.63,1526782590927.06,1050065924262.59,70406.04,25.47,46.41,1.4815773258187732e+21,0.945,39591410.73,70456.0,726535322787.69,70458.0,766130466943.57,70515.0,233300660383.78,True
20220817,70516.0,0.0,70660.0,40108025381.39,70744.0,3920099519.47,18,True,True,True,X14874423,X401080,1447334337545.29,40525436242.11,346555464031.08,70654.83,38.31,5.61,1.8774370778413256e+21,0.11,2133321.34,70516.0,-69255162105.4,70656.0,171736382325.64,70767.0,21374249296.0,True
20220817,70687.0,2608528391.19,70704.0,30332505666.53,70767.0,22178469392.85,18,True,True,True,X14776668,X303325,1447334337545.29,582553845187.01,16130705217.87,70693.07,4.36,197.15,1.8774370778413256e+21,0.07,1115214.42,70516.0,-69255162105.4,70656.0,131877805551.35,70767.0,42630578385.34,True
20220817,70516.0,39119677099.17,70560.0,51654507461.5,70699.0,5165279463.78,18,True,True,True,X14989888,X516545,1447334337545.29,56786575365.92,139405695974.26,70536.25,55.7,28.44,1.8774370778413256e+21,0.169,3495375.31,70516.0,-30135485006.23,70517.0,151976453470.33,70767.0,21011830102.1,True
20220817,70768.0,13571493981.03,70768.0,13571493981.03,71091.0,7044340384.65,22,True,True,True,X14791652,X135714,1465593791358.13,14666628441.14,41141538735.92,70650.03,268.79,120.09,2.1496979752482298e+21,0.018,1716542.07,70768.0,39324787743.39,70909.0,132967972316.99,71091.0,9775772337.97,True
20220817,70768.0,0.0,71035.0,4381645.33,71091.0,2578917.11,22,True,True,True,X14655981,X43,1465593791358.13,4107153752.17,2197081.51,71034.7,0.05,105.65,2.1496979752482298e+21,-0.001,-355246.52,70768.0,25753293762.36,70909.0,121170404509.17,71091.0,2734010870.44,True
20220817,70915.0,5072.16,71063.0,50463.79,71091.0,49769.6,22,True,True,True,X14655938,M5,1465593791358.13,530240.66,28100.69,70971.18,42.29,1000.18,2.1496979752482298e+21,-0.001,-1104942.41,70768.0,25753293762.4,70909.0,121170408412.17,71091.0,2731481722.92,True
20220817,71092.0,1138396826184.43,71345.0,1254901225079.56,71511.0,1203046421328.82,25,True,False,True,X15526515,X12549012,297750305083.95,1276826967125.93,8317847912113.54,71239.74,563.18,108.35,2.831884461732957e+21,0.253,380081716.49,71092.0,1085050354095.74,71452.0,1420896545501.99,71511.0,1147219543548.87,True
20220817,71512.0,0.0,71512.0,0.0,71512.0,0.0,8,True,True,True,X15160906,sub-A,1516090699730.64,54078183231.38,702224364390.78,71554.37,34.22,3.3,2.5249285881156374e+21,-0.0,0.0,71512.0,37628538550.61,71581.0,135251093366.78,71619.0,-38164312234.24,True
20220817,71512.0,0.0,71512.0,0.0,71512.0,0.0,8,True,True,True,X15160906,sub-A,1516090699730.64,67375502938.05,952224425992.85,71525.99,36.1,3.2,2.5249285881156374e+21,-0.0,0.0,71512.0,37628538550.61,71581.0,135251093366.78,71619.0,-38164312234.24,True
20220817,71512.0,0.0,71579.0,6360.02,71582.0,2911.33,8,True,True,True,X15160907,C6,1516090699730.64,4798.65,46222.34,71599.04,29.51,3.84,2.5249285881156374e+21,-0.0,161981.63,71512.0,37628538550.61,71581.0,135251097144.36,71619.0,-38164308129.08,True
20220817,71620.0,0.0,72482.0,329550713710.63,72482.0,329550713710.63,7,True,True,True,X11059937,X3295507,776443064916.51,865462109744.47,276734476546.45,72429.8,65.36,256.19,6.478830282914023e+21,0.764,12338979.79,71620.0,153258319427.71,72442.0,432131267006.37,72482.0,264171778584.36,True
20220817,71673.0,1246480487.81,71676.0,14325538043.47,72420.0,0.0,7,True,True,True,X7907686,X143255,776443064916.51,960339851781.47,667408853091.82,71684.0,3.59,6.47,6.478830282914023e+21,-0.005,-267317.05,71620.0,153258319427.71,72427.0,183404568775.67,72482.0,-65378935126.27,True
20220817,71620.0,68979.02,71676.0,151082.07,72482.0,56343.6,7,True,True,True,X7764432,X1,776443064916.51,942093.29,129186.22,71653.61,59.28,541.82,6.478830282914023e+21,-0.0,-136671.38,71620.0,153258388406.74,72427.0,183404631139.1,72482.0,-65378878782.67,True
20220817,71620.0,605934899215.82,71676.0,812105370740.51,72482.0,512413908749.28,7,True,True,True,X15885484,X8121053,776443064916.51,17740425995360.18,429341130655.86,71600.79,32.95,1706.27,6.478830282914023e+21,0.566,50596135.71,71620.0,759193218643.53,71641.0,856264599335.0,72482.0,447034973623.01,True
20220817,72483.0,0.0,72483.0,0.0,72483.0,0.0,8,True,True,True,X15834243,sub-A,1583424326578.78,1.8723815619195816e+16,69017715859489.97,72855.12,6.96,2367.07,4.041381705443525e+21,0.0,0.0,72483.0,-80464365641.28,72570.0,174662709554.04,72614.0,99938588460.29,True
20220817,72483.0,0.0,72483.0,0.0,72483.0,0.0,8,True,True,True,X15834243,sub-A,1583424326578.78,6278253569810257.0,74794883803337.1,72831.37,16.9,1777.42,4.041381705443525e+21,0.0,0.0,72483.0,-80464365641.28,72570.0,174662709554.04,72614.0,99938588460.29,True
20220817,72615.0,0.0,72615.0,0.0,72615.0,0.0,5,True,True,True,X6375652,sub-A,637565255278.98,287639553480258.8,2092707322665.01,72746.87,1.38,237.8,3.093003891826765e+21,-0.0,0.0,72615.0,-24640793761.31,72658.0,134139447911.89,72698.0,-87651760310.7,True
20220817,72615.0,842934914820.31,72659.0,969725093576.46,72698.0,913855181788.61,5,True,True,True,X16072903,X9697250,637565255278.98,3232423948587.44,675435635767.94,72582.94,49.23,295.3,3.0930038918267645e+21,0.252,52347564.81,72615.0,818294121058.99,72658.0,1103776498686.15,72698.0,826203421477.91,True
20220817,72615.0,104075682255.78,72615.0,104075682255.78,72631.0,10102748645.82,5,True,True,True,X7416409,X1040756,637565255278.98,327189746757.01,3417359474834.98,72591.93,14.07,1.69,3.093003891826765e+21,0.138,611922.6,72615.0,79434888494.47,72616.0,159584245617.9,72698.0,-87651760309.77,True
20220817,72615.0,0.0,72615.0,0.0,72615.0,0.0,5,True,True,True,X6375652,sub-A,637565255278.98,34023259789.78,446344319420.77,72769.09,150.29,14.36,3.093003891826765e+21,-0.0,0.0,72615.0,-24640793761.31,72658.0,134139447911.89,72698.0,-87651760310.7,True
20220817,72699.0,71486515592.17,72780.0,197462358565.87,72903.0,19805567228.88,17,True,True,True,X16739170,X1974623,1476454649819.09,200863425025.45,1318454549014.98,72769.72,56.08,10.71,2.4752697436726787e+21,0.677,14492319.71,72699.0,68267518149.66,72784.0,353514710532.48,72986.0,-25640724514.66,True
20220817,72699.0,0.0,72878.0,64764783815.14,72976.0,6519835281.66,17,True,True,True,X15412194,X647647,1476454649819.09,205153462944023.47,32482982157.35,72877.87,0.01,42.68,2.4752697436726787e+21,0.087,1347294.43,72699.0,-3218997442.51,72904.0,165791177876.97,72986.0,-20820146867.4,True
20220817,72989.0,4256583746.4,73035.0,43603801524.73,73081.0,4298846679.78,8,True,False,True,X15126250,X436038,1469021292269.72,44366776632.19,289023914076.24,73030.94,20.97,4.03,2.139445599339001e+21,0.102,1350640.35,72987.0,42662545620.9,73033.0,164230904995.9,73142.0,27169259488.09,True
20220817,73196.0,3740746544.85,73256.0,38229204710.51,73310.0,6472632551.98,9,True,True,True,X15032075,X382292,1464978313734.54,39116609010.17,219955197335.99,73250.61,27.59,6.15,1.9784000706602216e+21,0.088,1435970.99,73143.0,1651813218.59,73268.0,181413043687.34,73310.0,6475756107.75,True
20220817,73309.0,21471.36,73310.0,82205353985.84,73310.0,82205353985.84,9,True,True,True,X15471836,X822053,1464978313734.54,9386478357316660.0,1697642906475.7,73310.53,0.27,1864.26,1.9784000706602218e+21,0.02,-54312.42,73143.0,1651813218.59,73268.0,146224516595.11,73310.0,82208477541.61,True
20220817,73311.0,4269374012.12,73465.0,41531743376.37,73586.0,10224980724.59,16,True,False,True,X15265135,X415317,1484981773388.74,42307658574.01,266190654310.9,73450.89,70.97,14.14,1.936374027759274e+21,0.068,3988136.51,73311.0,-8929720114.23,73509.0,143196177662.66,73586.0,55363512203.93,True
20220817,73805.0,2512353013.85,73866.0,21345441541.37,73935.0,2197802682.96,22,True,True,True,X15695461,X213454,1548200661442.62,21589380545.15,175579737539.69,73861.22,31.9,4.92,2.6713516565014197e+21,0.019,693318.33,73587.0,-54352953295.13,73851.0,157326755690.44,73982.0,5456386998.82,True
20220817,73900.0,16561.07,73933.0,165076.55,73982.0,126223.58,22,True,True,True,X15482008,X1,1548200661442.62,1267681.4,95410.56,73913.36,9.93,165.36,2.6713516565014197e+21,-0.003,-706820.38,73587.0,-54352953295.13,73851.0,138179819984.87,73982.0,5420609878.57,True
20220817,73983.0,23766964702.86,74066.0,34275505168.97,74066.0,34275505168.97,3,True,True,True,X14741915,X342755,1439916067169.45,42040716955.77,61705251363.53,74016.57,97.4,83.17,1.6614316370755626e+21,0.005,1443456.44,73983.0,48143835863.74,73999.0,163617877658.92,74066.0,40947865759.48,True
20220817,73983.0,51777499310.55,74013.0,70698165363.8,74066.0,27094563164.82,3,True,True,True,X15106142,X706981,1439916067169.45,71379595696.69,634335303016.11,74007.9,37.77,5.33,1.6614316370755626e+21,0.074,2756508.68,73983.0,76154370471.44,73999.0,202918679460.89,74066.0,33766923755.32,True
20220817,74102.0,4901.36,74197.0,50320.89,74198.0,50314.22,6,True,False,True,X15229775,M5,1522977457049.35,285816.63,30536.0,74142.36,29.19,342.47,1.6619188148159898e+21,-0.001,-166374.05,74067.0,14511678692.84,74140.0,97063314435.02,74198.0,-20734903338.41,True
20220817,74300.0,93682108487.87,74383.0,920728373743.55,76634.0,0.0,4,True,True,True,X25586832,X9207283,1637954898134.83,1207543900418.14,2123258199673.62,74382.09,45.24,32.25,2.4393692282788464e+22,0.761,20657486.42,74199.0,-178426457964.49,74381.0,830372725786.26,76652.0,447614437802.67,True
20220817,74207.0,3880.93,74284.0,39481.57,76634.0,0.0,4,True,True,True,X16379549,M3,1637954898134.83,71637.01,38564.68,74252.5,29.23,68.05,2.4393692282788464e+22,-0.0,-3976223.04,74199.0,-178510085247.73,76636.0,489414974912.04,76652.0,447614437802.67,True
20220817,76682.0,52965819906.38,76814.0,528476696335.2,76957.0,88506185694.21,7,True,True,True,X22456668,X5284766,1717190146605.06,586702897680.86,1423496412857.13,76795.34,61.87,31.96,3.554631412460557e+21,0.884,21573796.51,76653.0,73407088341.1,76800.0,659771547771.89,76957.0,93755733739.65,True
20220817,76814.0,2699758081.75,76953.0,825308956276.53,76957.0,821242943233.77,7,True,True,True,X25424991,X8253089,1717190146605.06,1008178034798.69,1471367626636.54,76928.64,37.84,32.49,3.5546314124605564e+21,0.959,11036071.75,76653.0,55316873321.14,76938.0,942137144399.73,76957.0,826492491279.2,True
20220817,76653.0,275313409585.09,76727.0,869332588940.66,76928.0,2883070836.79,7,True,True,True,X25865227,X8693325,1717190146605.06,957820658603.57,2316645836582.45,76707.07,46.13,23.9,3.5546314124605564e+21,0.959,48257974.31,76653.0,330630282906.23,76735.0,982763490047.1,76957.0,6108178374.37,True
20220817,76656.0,17308404767.54,76814.0,171989022876.42,76957.0,41923981639.47,7,True,True,True,X18891791,X1719890,1717190146605.06,177985293997.77,1372551369401.84,76817.87,74.14,12.05,3.5546314124605564e+21,0.41,8003647.5,76653.0,55316873321.14,76780.0,346610704527.83,76957.0,47173529684.9,True
20220817,77168.0,23404.61,77173.0,159920.25,77185.0,143709.07,15,True,True,True,X26194117,X1,2619411578052.26,5051016.16,83152.4,77169.5,1.39,106.11,1.0672409824599501e+22,-0.001,-904944.87,76958.0,33378216869.62,76993.0,209796673900.87,77185.0,-50867525505.91,True
20220817,77125.0,1348490.82,77172.0,13416528.9,77185.0,11367375.53,15,True,True,True,X26194249,X134,2619411578052.26,13622953.1,95102486.95,77168.46,21.79,3.91,1.0672409824599501e+22,-0.001,-2941093.43,76958.0,33378216869.62,76993.0,209796673900.87,77185.0,-50856301839.46,True
20220817,77413.0,14806741513.9,77483.0,147236233466.17,77555.0,14357306505.29,26,True,True,True,X17563919,X1472362,1609155689223.0,150938980762.23,810525318893.52,77476.07,32.18,7.51,3.0091395439185735e+21,0.381,6397981.91,77186.0,34142687408.92,77346.0,255070283316.4,77770.0,53365399295.72,True
20220817,77186.0,79979768559.41,77352.0,590330589121.46,77770.0,155439899348.36,26,True,True,True,X21994862,X5903305,1609155689223.0,1657859679391.59,439651440074.28,77264.09,60.99,288.22,3.0091395439185735e+21,0.866,95061926.78,77186.0,114122455968.33,77346.0,844556437230.03,77770.0,208805298643.93,True
20220817,77186.0,796498515737.95,77191.0,798973912345.8,77409.0,68700311952.72,26,True,True,True,X24081296,X7989739,1609155689223.0,1185317483978.28,975196744635.1,77148.24,48.06,73.22,3.0091395439185735e+21,0.952,41273014.55,77186.0,830641203146.88,77204.0,907049401746.53,77770.0,53861617487.28,True
20220817,77798.0,66235674271.93,77962.0,670756529107.87,77962.0,670756529107.87,13,True,True,True,X11294340,X6707565,458677516850.77,1730195439898.76,519918634715.49,77884.15,58.53,244.13,2.4172672725456467e+21,0.955,54621035.96,77771.0,-18274395201.74,77947.0,781156330826.5,77962.0,655924253742.23,True
20220817,77863.0,805.15,77962.0,7945.13,77962.0,7945.13,13,True,True,True,X4586775,C7,458677516850.77,199331.68,16861.66,78015.42,77.41,1146.98,2.417267272545646e+21,-0.0,-471023.33,77771.0,-43615918196.64,77825.0,130805647435.53,77962.0,-14832267420.51,True
20220817,77771.0,1269158645902.73,77782.0,1284479556979.52,77962.0,747186031541.2,13,True,True,True,X17431570,X12844795,458677516850.77,5561976871558.86,827397650142.79,77721.55,35.58,299.75,2.417267272545646e+21,0.926,140717080.25,77771.0,1225542727679.72,77777.0,1372472036557.7,77962.0,732353756175.56,True
20220817,77955.0,48788984.3,77962.0,606721170.67,77962.0,606721170.67,13,True,True,True,X4592842,X6067,458677516850.77,10613260355301.33,35622236477.14,77982.49,8.59,3206.89,2.417267272545646e+21,-0.0,16636.44,77771.0,-43615918223.0,77825.0,130805647206.15,77962.0,-14225554194.97,True
20220817,77963.0,0.0,77963.0,0.0,77963.0,0.0,20,True,True,True,X18088821,sub-A,1808882194176.56,7632963361.53,188638208492.69,77976.71,38.85,1.97,6.443924613158364e+21,-0.005,0.0,77963.0,142251716955.05,77992.0,269440315563.39,78310.0,-33734129168.89,True
20220817,78051.0,1982.69,78150.0,19859.21,78310.0,6281.38,20,True,True,True,X18088822,M1,1808882194176.56,44533.56,16610.27,78104.45,35.78,120.22,6.443924613158364e+21,-0.005,-3247718.45,77963.0,142251716956.25,77992.0,269440315589.06,78310.0,-33734122887.5,True
20220817,78311.0,126381047738.17,78427.0,405819093454.82,78538.0,233197834819.36,17,True,True,True,X14072018,X4058190,1001382786645.09,684412054736.54,424920399725.22,78364.49,61.12,123.39,2.4849050517994246e+21,0.707,46655831.13,78311.0,260944306368.0,78393.0,489053977170.35,78538.0,214382170410.24,True
20220817,78398.0,38733331576.82,78538.0,390541141074.38,78538.0,390541141074.38,17,True,True,True,X13919239,X3905411,1001382786645.09,546603848427.34,748068069992.69,78530.77,74.61,68.33,2.4849050517994246e+21,0.86,17855149.37,78311.0,136393039045.11,78513.0,492466596878.56,78538.0,371725476665.26,True
20220817,78311.0,584097087582.15,78311.0,584097087582.15,78520.0,58010967669.66,17,True,True,True,X15854798,X5840970,1001382786645.09,717046859949.02,1183561613022.16,78238.72,81.24,61.68,2.4849050517994246e+21,0.924,38739244.48,78311.0,718660346211.98,78311.0,718660346211.98,78538.0,24821340677.81,True
20220817,78311.0,1043872.29,78451.0,6710419.98,78538.0,4894830.24,17,True,True,True,X10013894,X67,1001382786645.09,13875416.03,5916590.34,78382.73,56.66,166.53,2.4849050517994246e+21,-0.0,-86868.92,78311.0,134564302502.12,78513.0,169326562884.45,78538.0,-18810769578.88,True
20220817,78705.0,6353786372.14,78718.0,54619615551.46,79489.0,23.59,16,True,True,True,X15490558,X546196,1494436274929.81,235688929715.43,35220161372.28,78710.57,4.25,35.67,2.7205056415775164e+21,0.078,1092061.84,78539.0,-61045481550.72,78718.0,182184218593.34,79515.0,34886356537.36,True
20220817,78539.0,144038894120.91,78574.0,183645267236.89,78706.0,18195110046.05,16,True,True,True,X16780815,X1836452,1494436274929.81,224563347535.72,326454419133.38,78545.93,43.72,37.69,2.7205056415775164e+21,0.635,10487032.1,78539.0,82993412570.19,78558.0,330467289523.32,79515.0,34886356534.71,True
20220817,78616.0,5656655930.35,78633.0,54877364904.77,79515.0,23431518914.73,16,True,True,True,X15493136,X548773,1494436274929.81,5908297471439.34,27786839963.27,78620.94,3.88,1035.23,2.7205056415775164e+21,0.166,4523921.32,78539.0,-61045481550.72,78675.0,211896101302.51,79515.0,58317875440.71,True
20220817,78539.0,0.0,78539.0,0.0,78539.0,0.0,16,True,True,True,X14944362,sub-A,1494436274929.81,23523366322.36,575450295480.92,78625.47,17.72,0.91,2.7205056415775164e+21,-0.0,0.0,78539.0,-61045481550.72,78675.0,159149884457.15,79515.0,34886356525.98,True
20220817,79654.0,2773920625.25,79875.0,27958972722.76,79875.0,27958972722.76,23,True,True,True,X7702864,X279589,742327434401.69,29611330484.95,166073262566.22,79881.2,114.24,25.53,3.0380545743576787e+21,0.028,2206524.56,79516.0,-24140269932.13,79738.0,211796379316.98,79875.0,-17052279191.7,True
20220817,79516.0,786553373669.26,79830.0,1047775960123.55,79875.0,1041748588877.75,23,True,True,True,X17901033,X10477759,742327434401.69,1109916798299.38,3699873333710.23,79695.5,396.57,149.1,3.0380545743576787e+21,0.68,221383044.12,79516.0,762310501583.39,79738.0,1224008762413.1,79875.0,996737336963.29,True
20220817,80188.0,97972214156.57,80297.0,238379079290.97,80477.0,23631025444.23,24,True,True,True,X17576294,X2383790,1519250330614.32,248851307112.79,983803906327.11,80273.54,78.92,25.02,2.218231031201279e+21,0.781,24796391.6,80188.0,170418375992.13,80302.0,377492030601.39,80644.0,-9051808967.1,True
20220817,80188.0,31823114682.61,80549.0,131971072131.83,80644.0,120821251826.79,24,True,True,True,X16512214,X1319710,1519250330614.32,154516907837.38,268709280923.09,80438.95,196.26,141.44,2.218231031201279e+21,0.331,24917655.98,80188.0,104269276518.18,80357.0,239920574516.97,80644.0,111670233899.27,True
20220817,80188.0,0.0,80605.0,4551.36,80644.0,1916.62,24,True,True,True,X15192503,C4,1519250330614.32,4598.18,39536.68,80600.59,29.47,4.3,2.218231031201279e+21,-0.0,-98177.03,80188.0,72446161835.57,80357.0,150674701957.39,80644.0,-9151016010.9,True
20220817,80645.0,5810.82,80711.0,21093.76,80740.0,17478.07,6,True,True,True,X11738479,M2,1173847961474.22,29586.82,28030.01,80682.09,35.17,46.52,1.9794201067268082e+21,-0.0,984.19,80645.0,32585502654.3,80656.0,105643355698.39,80740.0,-910954164.93,True
20220817,80645.0,379332405012.11,80691.0,471012793690.75,80740.0,388995121596.96,6,True,True,True,X16448607,X4710127,1173847961474.22,683693936968.71,593271149547.8,80642.11,56.98,82.3,1.9794201067268082e+21,-0.282,25079071.22,80645.0,411917901855.59,80656.0,521975638155.99,80740.0,388084149953.96,True
20220817,80741.0,0.0,80773.0,26871546430.05,80795.0,2415726230.66,4,True,True,True,X9434809,X268715,916609399920.01,15698969659.36,156473243471.98,80776.72,8.82,1.11,1.5862796938473295e+21,0.057,207865.07,80741.0,2319618495.03,80775.0,84429503350.64,80812.0,83153851102.86,True
20220817,80741.0,690272300524.62,80754.0,703942223666.13,80812.0,495099543568.02,4,True,True,True,X16205516,X7039422,916609399920.01,812814782784.04,1508882483680.36,80722.21,59.61,40.24,1.58627969384733e+21,0.731,28933258.1,80741.0,692591919019.65,80749.0,767230112237.2,80812.0,578243326280.91,True
20220817,80780.0,25449936706.36,80812.0,250169676112.23,80812.0,250169676112.23,4,True,True,True,X11667790,X2501696,916609399920.01,6843062358623.45,567591449675.34,80830.96,25.53,385.79,1.5862796938473295e+21,0.746,2273152.33,80741.0,2557508539.74,80812.0,333313458825.12,80812.0,333313458825.12,True
20220817,80813.0,0.0,80922.0,2496.38,80980.0,267.26,9,True,False,True,X15771181,C2,1577118183452.7,2519.77,22840.84,80917.86,27.33,3.78,2.803371951172136e+21,-0.0,-9623.23,80813.0,31825775418.87,80904.0,152092686312.06,80980.0,-59025643300.84,True
20220817,80981.0,0.0,80981.0,0.0,80981.0,0.0,8,True,True,True,X1173302,sub-A,117330235878.14,84191889479.65,2052392343281.07,81185.98,112.61,5.79,1.6756343972256974e+21,-0.0,0.0,80981.0,20738767283.98,81006.0,100701925716.08,81112.0,-28592144296.77,True
20220817,80994.0,27661674880.09,81112.0,281502197600.32,81112.0,281502197600.32,8,True,True,True,X3988324,X2815021,117330235878.14,977176462184.53,232867404274.92,81077.55,55.0,289.24,1.6756343972256974e+21,0.811,25377190.25,80981.0,37852359760.07,81105.0,350815153446.94,81112.0,252910053303.55,True
20220817,80981.0,1405433737324.43,80981.0,1405433737324.43,81112.0,1114925434723.98,8,True,True,True,X15227639,X14054337,117330235878.14,1815603719839.39,2183766520362.39,80864.76,156.82,163.41,1.6756343972256974e+21,0.819,137333136.13,80981.0,1426172504608.42,81006.0,1490264719623.97,81112.0,1086333290427.21,True
20220817,81009.0,4824.98,81070.0,49113.17,81112.0,47578.7,8,True,True,True,X1173302,M4,117330235878.14,1540771.5,25536.94,81029.21,15.43,1166.44,1.6756343972256974e+21,-0.0,-1194952.85,80981.0,20738767329.16,81006.0,100701929077.52,81112.0,-28592096718.06,True
20220817,81142.0,2756714433.49,81172.0,27804352939.79,81205.0,2856359346.15,17,True,True,True,X15654755,X278043,1537671181569.87,30744522906.15,72624839850.9,81166.13,13.2,7.0,1.844719487438468e+21,0.032,506493.37,81113.0,16871352433.71,81278.0,120654622995.0,81376.0,-4151347906.98,True
20220817,81231.0,2820069898.12,81321.0,28586033216.19,81376.0,12202663683.65,17,True,True,True,X15662572,X285860,1537671181569.87,29090020360.74,188610142950.61,81313.34,41.29,7.98,1.844719487438468e+21,0.06,1524012.22,81113.0,16868454085.65,81278.0,137516155150.18,81376.0,8051315776.58,True
20220817,81113.0,0.0,81113.0,0.0,81113.0,0.0,17,True,True,True,X15376711,sub-A,1537671181569.87,14109392845.68,441489348014.53,81172.42,21.25,0.85,1.844719487438468e+21,-0.0,0.0,81113.0,16868454085.65,81278.0,120654523572.03,81376.0,-4151347907.06,True
20220817,81196.0,2290856891.6,81219.0,23160116924.45,81376.0,12743391501.44,17,True,True,True,X15608312,X231601,1537671181569.87,424381423254.9,12350407175.35,81203.95,6.03,259.85,1.844719487438468e+21,0.039,1776312.62,81113.0,16868454085.65,81278.0,139235679070.24,81376.0,8592043594.37,True
20220817,81462.0,2473.29,81463.0,16146.57,83710.0,5.34,7,True,True,True,X13911144,M1,1391114481539.33,27419071369189.06,1331300681048.31,81481.26,3.21,82.74,1.8280243719732627e+21,-0.0,23314.61,81377.0,-10425081497.75,81384.0,108601845470.13,83766.0,59462666898.17,True
20220817,81377.0,167407889997.48,81437.0,185473576739.05,83710.0,0.0,7,True,True,True,X15765880,X1854735,1391114481539.33,187444664432.84,1583067766964.6,81417.68,130.46,19.36,1.8280243719732627e+21,0.811,9128812.35,81377.0,156982808499.73,81456.0,283287984280.98,83766.0,59462666895.46,True
20220817,81377.0,0.0,81377.0,0.0,81377.0,0.0,7,True,True,True,X13911144,sub-A,1391114481539.33,47521621536.33,1506921461240.48,81399.78,35.36,1.4,1.8280243719732627e+21,-0.0,0.0,81377.0,-10425081497.75,81384.0,108601845470.13,83766.0,59462666895.46,True
20220817,83767.0,780821289436.48,83824.0,797941335004.39,83898.0,769491615492.84,9,True,True,True,X14052314,X7979413,607290065449.86,840880605500.85,2963789976180.18,83739.32,261.5,92.99,1.6947572556211925e+21,0.033,73070589.77,83767.0,756022312479.83,83850.0,897198337870.45,83898.0,773392745086.33,True
20220817,83767.0,0.0,83767.0,0.0,83767.0,0.0,9,True,True,True,X6072900,sub-A,607290065449.86,3563879796088370.0,7165400366050.94,83907.43,0.52,323.01,1.6947572556211925e+21,-0.0,0.0,83767.0,-24798976956.65,83859.0,104963116072.42,83898.0,3901129593.5,True
20220817,83893.0,1482840408.54,83896.0,68316223540.94,83898.0,2494801768.49,9,True,True,True,X6756062,X683162,607290065449.86,79457935070.56,367250081984.41,83895.33,0.89,0.24,1.6947572556211925e+21,0.04,147642.88,83767.0,-24798976956.65,83859.0,104963116072.42,83898.0,6395931361.99,True
20220817,83767.0,0.0,83767.0,0.0,83767.0,0.0,9,True,True,True,X6072900,sub-A,607290065449.86,222385481808.52,2405326183204.9,83870.8,152.64,17.69,1.6947572556211925e+21,-0.0,0.0,83767.0,-24798976956.65,83859.0,104963116072.42,83898.0,3901129593.5,True
20220817,84259.0,393427910523.91,84678.0,3942467149014.84,84858.0,2650479138233.09,6,True,True,True,X53773408,X39424671,1434873702245.78,4251505221258.62,12038175291986.57,84605.63,186.47,82.54,4.3217761302804557e+21,0.998,642325404.52,83899.0,-105621936941.71,84665.0,4180803095927.23,84858.0,2535779209159.72,True
20220817,84689.0,155283371920.97,84858.0,1551761460985.75,84858.0,1551761460985.75,6,True,True,True,X29866351,X15517614,1434873702245.78,17382305492259.54,1074565310001.75,84802.15,78.16,1584.61,4.3217761302804557e+21,0.966,67074960.49,83899.0,-106801008125.55,84856.0,1625001231339.62,84858.0,1437061531912.38,True
20220817,84859.0,0.0,84859.0,0.0,84859.0,0.0,3,True,True,True,X57148275,sub-A,5714827583291.73,38845597912.76,985052344569.35,84843.37,30.38,1.5,7.631056101448832e+21,-0.015,0.0,84859.0,-22449165322.98,84869.0,289006401083.27,84978.0,-77777804822.25,True
20220817,84859.0,0.0,84859.0,0.0,84859.0,0.0,3,True,True,True,X57148275,sub-A,5714827583291.73,209902356650.47,2035102120370.0,85001.67,37.02,4.79,7.631056101448832e+21,-0.015,0.0,84859.0,-22449165322.98,84869.0,289006401083.27,84978.0,-77777804822.25,True
20220817,84900.0,6444.31,84921.0,58478.74,84978.0,26218.02,3,True,True,True,X57148276,M5,5714827583291.73,298065.19,36279.62,84908.71,6.58,67.76,7.631056101448832e+21,-0.015,-451209.7,84859.0,-22449165322.98,84869.0,289006401083.27,84978.0,-77777778604.23,True
20220817,85632.0,3696.7,85670.0,35403.72,85712.0,3663.76,28,True,False,True,X53098223,M3,5309822301049.92,39187.81,91957.13,85662.36,16.85,9.0,7.5419227257524904e+22,-0.0,-6509072.21,84979.0,471676234106.33,85002.0,563381312231.33,85840.0,-540085484643.67,True
